sample_name,control,sample_id,dna_ng_per_ul,p_h,c_perc_ww,h_perc_ww,n_perc_ww,s_perc_ww,p_ppm,plot,treatment,latitude,longitude,planting_regime,region,filename,sra_lat_lon,organism,tax_id,accession,study,bioproject_accession,biosample_accession,library_strategy,library_source,library_selection,library_layout,platform,instrument_model,filepaths,filtN_paths,cutadapt_paths,filtered_paths
16S_1_1,,P1.1,49.6,5.4,2.19,1.36,0.29,Not detc,346,1,1-2 years,1.68115,103.8371,NA,16S,16S_1_1.fastq.gz,1.68115 N 103.8371 E,soil metagenome,410658,SRR29200573,SRP510185,PRJNA1117193,SAMN41561234,AMPLICON,METAGENOMIC,PCR,single,PACBIO_SMRT,Revio,./data/16S/16S_1_1.fastq.gz,./data/16S/filtN/16S_1_1_filtN.fastq.gz,./data/16S/cutadapt/16S_1_1_cutadapt.fastq.gz,./data/16S/filtered/16S_1_1_filtered.fastq.gz
16S_1_2,,P1.2,32.2,5.41,1.86,1.28,0.27,Not detc,495,1,1-2 years,1.68117,103.83725,NA,16S,16S_1_2.fastq.gz,1.68117 N 103.83725 E,soil metagenome,410658,SRR29200572,SRP510185,PRJNA1117193,SAMN41561235,AMPLICON,METAGENOMIC,PCR,single,PACBIO_SMRT,Revio,./data/16S/16S_1_2.fastq.gz,./data/16S/filtN/16S_1_2_filtN.fastq.gz,./data/16S/cutadapt/16S_1_2_cutadapt.fastq.gz,./data/16S/filtered/16S_1_2_filtered.fastq.gz
16S_1_3,,P1.3,78.6,5.42,2.69,1.58,0.38,Not detc,219,1,1-2 years,1.68119,103.83756,NA,16S,16S_1_3.fastq.gz,1.68119 N 103.83756 E,soil metagenome,410658,SRR29200452,SRP510185,PRJNA1117193,SAMN41561236,AMPLICON,METAGENOMIC,PCR,single,PACBIO_SMRT,Revio,./data/16S/16S_1_3.fastq.gz,./data/16S/filtN/16S_1_3_filtN.fastq.gz,./data/16S/cutadapt/16S_1_3_cutadapt.fastq.gz,./data/16S/filtered/16S_1_3_filtered.fastq.gz
16S_1_4,,P1.4,36.2,5.51,1.35,0.85,0.23,Not detc,366,1,1-2 years,1.68124,103.83759,NA,16S,16S_1_4.fastq.gz,1.68124 N 103.83759 E,soil metagenome,410658,SRR29200441,SRP510185,PRJNA1117193,SAMN41561237,AMPLICON,METAGENOMIC,PCR,single,PACBIO_SMRT,Revio,./data/16S/16S_1_4.fastq.gz,./data/16S/filtN/16S_1_4_filtN.fastq.gz,./data/16S/cutadapt/16S_1_4_cutadapt.fastq.gz,./data/16S/filtered/16S_1_4_filtered.fastq.gz
16S_1_5,,P1.5,35.2,5.42,1.94,1.34,0.33,Not detc,243,1,1-2 years,1.68122,103.83733,NA,16S,16S_1_5.fastq.gz,1.68122 N 103.83733 E,soil metagenome,410658,SRR29200430,SRP510185,PRJNA1117193,SAMN41561238,AMPLICON,METAGENOMIC,PCR,single,PACBIO_SMRT,Revio,./data/16S/16S_1_5.fastq.gz,./data/16S/filtN/16S_1_5_filtN.fastq.gz,./data/16S/cutadapt/16S_1_5_cutadapt.fastq.gz,./data/16S/filtered/16S_1_5_filtered.fastq.gz
16S_1_6,,P1.6,54.2,5.37,1.84,1.49,0.29,Not detc,210,1,1-2 years,1.68122,103.83709,NA,16S,16S_1_6.fastq.gz,1.68122 N 103.83709 E,soil metagenome,410658,SRR29200419,SRP510185,PRJNA1117193,SAMN41561239,AMPLICON,METAGENOMIC,PCR,single,PACBIO_SMRT,Revio,./data/16S/16S_1_6.fastq.gz,./data/16S/filtN/16S_1_6_filtN.fastq.gz,./data/16S/cutadapt/16S_1_6_cutadapt.fastq.gz,./data/16S/filtered/16S_1_6_filtered.fastq.gz
16S_1_7,,P1.7,54.8,5.7,2.02,1.15,0.35,Not detc,647,1,1-2 years,1.68126,103.83711,NA,16S,16S_1_7.fastq.gz,1.68126 N 103.83711 E,soil metagenome,410658,SRR29200408,SRP510185,PRJNA1117193,SAMN41561240,AMPLICON,METAGENOMIC,PCR,single,PACBIO_SMRT,Revio,./data/16S/16S_1_7.fastq.gz,./data/16S/filtN/16S_1_7_filtN.fastq.gz,./data/16S/cutadapt/16S_1_7_cutadapt.fastq.gz,./data/16S/filtered/16S_1_7_filtered.fastq.gz
16S_1_8,,P1.8,29,5.39,1.79,1.32,0.29,Not detc,244,1,1-2 years,1.68127,103.83729,NA,16S,16S_1_8.fastq.gz,1.68127 N 103.83729 E,soil metagenome,410658,SRR29200538,SRP510185,PRJNA1117193,SAMN41561241,AMPLICON,METAGENOMIC,PCR,single,PACBIO_SMRT,Revio,./data/16S/16S_1_8.fastq.gz,./data/16S/filtN/16S_1_8_filtN.fastq.gz,./data/16S/cutadapt/16S_1_8_cutadapt.fastq.gz,./data/16S/filtered/16S_1_8_filtered.fastq.gz
16S_1_9,,P1.9,35.8,5.62,2.45,1.33,0.37,Not detc,277,1,1-2 years,1.68131,103.83759,NA,16S,16S_1_9.fastq.gz,1.68131 N 103.83759 E,soil metagenome,410658,SRR29200526,SRP510185,PRJNA1117193,SAMN41561242,AMPLICON,METAGENOMIC,PCR,single,PACBIO_SMRT,Revio,./data/16S/16S_1_9.fastq.gz,./data/16S/filtN/16S_1_9_filtN.fastq.gz,./data/16S/cutadapt/16S_1_9_cutadapt.fastq.gz,./data/16S/filtered/16S_1_9_filtered.fastq.gz
16S_1_10,,P1.10,52.2,5.59,2.29,1.35,0.36,Not detc,204,1,1-2 years,1.68128,103.83739,NA,16S,16S_1_10.fastq.gz,1.68128 N 103.83739 E,soil metagenome,410658,SRR29200515,SRP510185,PRJNA1117193,SAMN41561243,AMPLICON,METAGENOMIC,PCR,single,PACBIO_SMRT,Revio,./data/16S/16S_1_10.fastq.gz,./data/16S/filtN/16S_1_10_filtN.fastq.gz,./data/16S/cutadapt/16S_1_10_cutadapt.fastq.gz,./data/16S/filtered/16S_1_10_filtered.fastq.gz
16S_1_11,,P1.11,48.6,5.62,1.7,1.51,0.26,Not detc,227,1,1-2 years,1.68126,103.83722,NA,16S,16S_1_11.fastq.gz,1.68126 N 103.83722 E,soil metagenome,410658,SRR29200571,SRP510185,PRJNA1117193,SAMN41561244,AMPLICON,METAGENOMIC,PCR,single,PACBIO_SMRT,Revio,./data/16S/16S_1_11.fastq.gz,./data/16S/filtN/16S_1_11_filtN.fastq.gz,./data/16S/cutadapt/16S_1_11_cutadapt.fastq.gz,./data/16S/filtered/16S_1_11_filtered.fastq.gz
16S_1_12,,P1.12,52.6,5.51,1.65,1.3,0.29,Not detc,280,1,1-2 years,1.68125,103.83714,NA,16S,16S_1_12.fastq.gz,1.68125 N 103.83714 E,soil metagenome,410658,SRR29200560,SRP510185,PRJNA1117193,SAMN41561245,AMPLICON,METAGENOMIC,PCR,single,PACBIO_SMRT,Revio,./data/16S/16S_1_12.fastq.gz,./data/16S/filtN/16S_1_12_filtN.fastq.gz,./data/16S/cutadapt/16S_1_12_cutadapt.fastq.gz,./data/16S/filtered/16S_1_12_filtered.fastq.gz
16S_1_13,,P1.13,46.8,5.66,1.92,1.44,0.27,Not detc,460,1,1-2 years,1.6812,103.83707,NA,16S,16S_1_13.fastq.gz,1.6812 N 103.83707 E,soil metagenome,410658,SRR29200549,SRP510185,PRJNA1117193,SAMN41561246,AMPLICON,METAGENOMIC,PCR,single,PACBIO_SMRT,Revio,./data/16S/16S_1_13.fastq.gz,./data/16S/filtN/16S_1_13_filtN.fastq.gz,./data/16S/cutadapt/16S_1_13_cutadapt.fastq.gz,./data/16S/filtered/16S_1_13_filtered.fastq.gz
16S_1_14,,P1.14,47.6,5.61,1.65,1.15,0.21,Not detc,284,1,1-2 years,1.68121,103.87712,NA,16S,16S_1_14.fastq.gz,1.68121 N 103.87712 E,soil metagenome,410658,SRR29200537,SRP510185,PRJNA1117193,SAMN41561247,AMPLICON,METAGENOMIC,PCR,single,PACBIO_SMRT,Revio,./data/16S/16S_1_14.fastq.gz,./data/16S/filtN/16S_1_14_filtN.fastq.gz,./data/16S/cutadapt/16S_1_14_cutadapt.fastq.gz,./data/16S/filtered/16S_1_14_filtered.fastq.gz
16S_1_15,,P1.15,35.2,5.48,1.75,1.29,0.24,Not detc,284,1,1-2 years,1.68122,103.83724,NA,16S,16S_1_15.fastq.gz,1.68122 N 103.83724 E,soil metagenome,410658,SRR29200494,SRP510185,PRJNA1117193,SAMN41561248,AMPLICON,METAGENOMIC,PCR,single,PACBIO_SMRT,Revio,./data/16S/16S_1_15.fastq.gz,./data/16S/filtN/16S_1_15_filtN.fastq.gz,./data/16S/cutadapt/16S_1_15_cutadapt.fastq.gz,./data/16S/filtered/16S_1_15_filtered.fastq.gz
16S_1_16,,P1.16,41.4,5.41,2.39,1.19,0.32,Not detc,251,1,1-2 years,1.68118,103.83735,NA,16S,16S_1_16.fastq.gz,1.68118 N 103.83735 E,soil metagenome,410658,SRR29200483,SRP510185,PRJNA1117193,SAMN41561249,AMPLICON,METAGENOMIC,PCR,single,PACBIO_SMRT,Revio,./data/16S/16S_1_16.fastq.gz,./data/16S/filtN/16S_1_16_filtN.fastq.gz,./data/16S/cutadapt/16S_1_16_cutadapt.fastq.gz,./data/16S/filtered/16S_1_16_filtered.fastq.gz
16S_2_1,,P2.1,12.4,5.57,2.91,1.39,0.35,Not detc,674,2,2-3 years,1.68282,103.83736,NA,16S,16S_2_1.fastq.gz,1.68282 N 103.83736 E,soil metagenome,410658,SRR29200472,SRP510185,PRJNA1117193,SAMN41561250,AMPLICON,METAGENOMIC,PCR,single,PACBIO_SMRT,Revio,./data/16S/16S_2_1.fastq.gz,./data/16S/filtN/16S_2_1_filtN.fastq.gz,./data/16S/cutadapt/16S_2_1_cutadapt.fastq.gz,./data/16S/filtered/16S_2_1_filtered.fastq.gz
16S_2_2,,P2.2,28.2,5.66,3.86,1.71,0.51,Not detc,214,2,2-3 years,1.68282,103.83753,NA,16S,16S_2_2.fastq.gz,1.68282 N 103.83753 E,soil metagenome,410658,SRR29200461,SRP510185,PRJNA1117193,SAMN41561251,AMPLICON,METAGENOMIC,PCR,single,PACBIO_SMRT,Revio,./data/16S/16S_2_2.fastq.gz,./data/16S/filtN/16S_2_2_filtN.fastq.gz,./data/16S/cutadapt/16S_2_2_cutadapt.fastq.gz,./data/16S/filtered/16S_2_2_filtered.fastq.gz
16S_2_3,,P2.3,69.6,5.62,1.34,1.32,0.21,Not detc,502,2,2-3 years,1.68279,103.83773,NA,16S,16S_2_3.fastq.gz,1.68279 N 103.83773 E,soil metagenome,410658,SRR29200454,SRP510185,PRJNA1117193,SAMN41561252,AMPLICON,METAGENOMIC,PCR,single,PACBIO_SMRT,Revio,./data/16S/16S_2_3.fastq.gz,./data/16S/filtN/16S_2_3_filtN.fastq.gz,./data/16S/cutadapt/16S_2_3_cutadapt.fastq.gz,./data/16S/filtered/16S_2_3_filtered.fastq.gz
16S_2_4,,P2.4,61.6,5.59,2.28,1.48,0.31,Not detc,458,2,2-3 years,1.68278,103.83778,NA,16S,16S_2_4.fastq.gz,1.68278 N 103.83778 E,soil metagenome,410658,SRR29200453,SRP510185,PRJNA1117193,SAMN41561253,AMPLICON,METAGENOMIC,PCR,single,PACBIO_SMRT,Revio,./data/16S/16S_2_4.fastq.gz,./data/16S/filtN/16S_2_4_filtN.fastq.gz,./data/16S/cutadapt/16S_2_4_cutadapt.fastq.gz,./data/16S/filtered/16S_2_4_filtered.fastq.gz
16S_2_5,,P2.5,18.5,5.57,2.1,1.12,0.43,Not detc,437,2,2-3 years,1.68278,103.83768,NA,16S,16S_2_5.fastq.gz,1.68278 N 103.83768 E,soil metagenome,410658,SRR29200451,SRP510185,PRJNA1117193,SAMN41561254,AMPLICON,METAGENOMIC,PCR,single,PACBIO_SMRT,Revio,./data/16S/16S_2_5.fastq.gz,./data/16S/filtN/16S_2_5_filtN.fastq.gz,./data/16S/cutadapt/16S_2_5_cutadapt.fastq.gz,./data/16S/filtered/16S_2_5_filtered.fastq.gz
16S_2_6,,P2.6,38.4,5.33,3.08,1.61,0.37,Not detc,603,2,2-3 years,1.68277,103.83754,NA,16S,16S_2_6.fastq.gz,1.68277 N 103.83754 E,soil metagenome,410658,SRR29200450,SRP510185,PRJNA1117193,SAMN41561255,AMPLICON,METAGENOMIC,PCR,single,PACBIO_SMRT,Revio,./data/16S/16S_2_6.fastq.gz,./data/16S/filtN/16S_2_6_filtN.fastq.gz,./data/16S/cutadapt/16S_2_6_cutadapt.fastq.gz,./data/16S/filtered/16S_2_6_filtered.fastq.gz
16S_2_7,,P2.7,65.4,5.39,3.02,1.74,0.4,Not detc,563,2,2-3 years,1.68274,103.83745,NA,16S,16S_2_7.fastq.gz,1.68274 N 103.83745 E,soil metagenome,410658,SRR29200449,SRP510185,PRJNA1117193,SAMN41561256,AMPLICON,METAGENOMIC,PCR,single,PACBIO_SMRT,Revio,./data/16S/16S_2_7.fastq.gz,./data/16S/filtN/16S_2_7_filtN.fastq.gz,./data/16S/cutadapt/16S_2_7_cutadapt.fastq.gz,./data/16S/filtered/16S_2_7_filtered.fastq.gz
16S_2_8,,P2.8,38.2,5.6,1.99,1.62,0.31,Not detc,359,2,2-3 years,1.68275,103.83737,NA,16S,16S_2_8.fastq.gz,1.68275 N 103.83737 E,soil metagenome,410658,SRR29200448,SRP510185,PRJNA1117193,SAMN41561257,AMPLICON,METAGENOMIC,PCR,single,PACBIO_SMRT,Revio,./data/16S/16S_2_8.fastq.gz,./data/16S/filtN/16S_2_8_filtN.fastq.gz,./data/16S/cutadapt/16S_2_8_cutadapt.fastq.gz,./data/16S/filtered/16S_2_8_filtered.fastq.gz
16S_2_9,,P2.9,27.8,5.58,1.67,1.48,0.29,Not detc,466,2,2-3 years,1.68272,103.83736,NA,16S,16S_2_9.fastq.gz,1.68272 N 103.83736 E,soil metagenome,410658,SRR29200447,SRP510185,PRJNA1117193,SAMN41561258,AMPLICON,METAGENOMIC,PCR,single,PACBIO_SMRT,Revio,./data/16S/16S_2_9.fastq.gz,./data/16S/filtN/16S_2_9_filtN.fastq.gz,./data/16S/cutadapt/16S_2_9_cutadapt.fastq.gz,./data/16S/filtered/16S_2_9_filtered.fastq.gz
16S_2_10,,P2.10,9.5,5.34,3.13,1.41,0.37,Not detc,621,2,2-3 years,1.68273,103.83744,NA,16S,16S_2_10.fastq.gz,1.68273 N 103.83744 E,soil metagenome,410658,SRR29200446,SRP510185,PRJNA1117193,SAMN41561259,AMPLICON,METAGENOMIC,PCR,single,PACBIO_SMRT,Revio,./data/16S/16S_2_10.fastq.gz,./data/16S/filtN/16S_2_10_filtN.fastq.gz,./data/16S/cutadapt/16S_2_10_cutadapt.fastq.gz,./data/16S/filtered/16S_2_10_filtered.fastq.gz
16S_2_11,,P2.11,18.1,5.54,2.18,1.57,0.27,Not detc,388,2,2-3 years,1.6827,103.83753,NA,16S,16S_2_11.fastq.gz,1.6827 N 103.83753 E,soil metagenome,410658,SRR29200445,SRP510185,PRJNA1117193,SAMN41561260,AMPLICON,METAGENOMIC,PCR,single,PACBIO_SMRT,Revio,./data/16S/16S_2_11.fastq.gz,./data/16S/filtN/16S_2_11_filtN.fastq.gz,./data/16S/cutadapt/16S_2_11_cutadapt.fastq.gz,./data/16S/filtered/16S_2_11_filtered.fastq.gz
16S_2_12,,P2.12,24.6,5.62,1.88,1.48,0.22,Not detc,256,2,2-3 years,1.68271,103.83771,NA,16S,16S_2_12.fastq.gz,1.68271 N 103.83771 E,soil metagenome,410658,SRR29200444,SRP510185,PRJNA1117193,SAMN41561261,AMPLICON,METAGENOMIC,PCR,single,PACBIO_SMRT,Revio,./data/16S/16S_2_12.fastq.gz,./data/16S/filtN/16S_2_12_filtN.fastq.gz,./data/16S/cutadapt/16S_2_12_cutadapt.fastq.gz,./data/16S/filtered/16S_2_12_filtered.fastq.gz
16S_2_13,,P2.13,22.2,5.66,1.99,1.11,0.29,Not detc,613,2,2-3 years,1.6827,103.83778,NA,16S,16S_2_13.fastq.gz,1.6827 N 103.83778 E,soil metagenome,410658,SRR29200443,SRP510185,PRJNA1117193,SAMN41561262,AMPLICON,METAGENOMIC,PCR,single,PACBIO_SMRT,Revio,./data/16S/16S_2_13.fastq.gz,./data/16S/filtN/16S_2_13_filtN.fastq.gz,./data/16S/cutadapt/16S_2_13_cutadapt.fastq.gz,./data/16S/filtered/16S_2_13_filtered.fastq.gz
16S_2_14,,P2.14,22.8,5.57,1.81,1.39,0.29,Not detc,776,2,2-3 years,1.68276,103.83778,NA,16S,16S_2_14.fastq.gz,1.68276 N 103.83778 E,soil metagenome,410658,SRR29200442,SRP510185,PRJNA1117193,SAMN41561263,AMPLICON,METAGENOMIC,PCR,single,PACBIO_SMRT,Revio,./data/16S/16S_2_14.fastq.gz,./data/16S/filtN/16S_2_14_filtN.fastq.gz,./data/16S/cutadapt/16S_2_14_cutadapt.fastq.gz,./data/16S/filtered/16S_2_14_filtered.fastq.gz
16S_2_15,,P2.15,27,5.64,1.69,1.56,0.31,Not detc,462,2,2-3 years,1.68276,103.83761,NA,16S,16S_2_15.fastq.gz,1.68276 N 103.83761 E,soil metagenome,410658,SRR29200440,SRP510185,PRJNA1117193,SAMN41561264,AMPLICON,METAGENOMIC,PCR,single,PACBIO_SMRT,Revio,./data/16S/16S_2_15.fastq.gz,./data/16S/filtN/16S_2_15_filtN.fastq.gz,./data/16S/cutadapt/16S_2_15_cutadapt.fastq.gz,./data/16S/filtered/16S_2_15_filtered.fastq.gz
16S_2_16,,P2.16,46.6,5.33,1.52,1.31,0.26,Not detc,315,2,2-3 years,1.6827,103.8375,NA,16S,16S_2_16.fastq.gz,1.6827 N 103.8375 E,soil metagenome,410658,SRR29200439,SRP510185,PRJNA1117193,SAMN41561265,AMPLICON,METAGENOMIC,PCR,single,PACBIO_SMRT,Revio,./data/16S/16S_2_16.fastq.gz,./data/16S/filtN/16S_2_16_filtN.fastq.gz,./data/16S/cutadapt/16S_2_16_cutadapt.fastq.gz,./data/16S/filtered/16S_2_16_filtered.fastq.gz
16S_3_1,,P3.1,5.28,5.45,2.66,1.23,0.37,Not detc,592,3,3-4 years,1.68209,103.83705,NA,16S,16S_3_1.fastq.gz,1.68209 N 103.83705 E,soil metagenome,410658,SRR29200438,SRP510185,PRJNA1117193,SAMN41561266,AMPLICON,METAGENOMIC,PCR,single,PACBIO_SMRT,Revio,./data/16S/16S_3_1.fastq.gz,./data/16S/filtN/16S_3_1_filtN.fastq.gz,./data/16S/cutadapt/16S_3_1_cutadapt.fastq.gz,./data/16S/filtered/16S_3_1_filtered.fastq.gz
16S_3_2,,P3.2,18.7,5.81,2.56,1.34,0.36,Not detc,460,3,3-4 years,1.6821,103.83692,NA,16S,16S_3_2.fastq.gz,1.6821 N 103.83692 E,soil metagenome,410658,SRR29200437,SRP510185,PRJNA1117193,SAMN41561267,AMPLICON,METAGENOMIC,PCR,single,PACBIO_SMRT,Revio,./data/16S/16S_3_2.fastq.gz,./data/16S/filtN/16S_3_2_filtN.fastq.gz,./data/16S/cutadapt/16S_3_2_cutadapt.fastq.gz,./data/16S/filtered/16S_3_2_filtered.fastq.gz
16S_3_3,,P3.3,6.18,5.42,2.55,1.52,0.35,Not detc,498,3,3-4 years,1.68209,103.83678,NA,16S,16S_3_3.fastq.gz,1.68209 N 103.83678 E,soil metagenome,410658,SRR29200436,SRP510185,PRJNA1117193,SAMN41561268,AMPLICON,METAGENOMIC,PCR,single,PACBIO_SMRT,Revio,./data/16S/16S_3_3.fastq.gz,./data/16S/filtN/16S_3_3_filtN.fastq.gz,./data/16S/cutadapt/16S_3_3_cutadapt.fastq.gz,./data/16S/filtered/16S_3_3_filtered.fastq.gz
16S_3_4,,P3.4,2.36,5.97,7.33,1.8,0.78,Not detc,521,3,3-4 years,1.68208,103.83664,NA,16S,16S_3_4.fastq.gz,1.68208 N 103.83664 E,soil metagenome,410658,SRR29200435,SRP510185,PRJNA1117193,SAMN41561269,AMPLICON,METAGENOMIC,PCR,single,PACBIO_SMRT,Revio,./data/16S/16S_3_4.fastq.gz,./data/16S/filtN/16S_3_4_filtN.fastq.gz,./data/16S/cutadapt/16S_3_4_cutadapt.fastq.gz,./data/16S/filtered/16S_3_4_filtered.fastq.gz
16S_3_5,,P3.5,16.6,5.66,2.29,1.4,0.35,Not detc,512,3,3-4 years,1.6821,103.83651,NA,16S,16S_3_5.fastq.gz,1.6821 N 103.83651 E,soil metagenome,410658,SRR29200434,SRP510185,PRJNA1117193,SAMN41561270,AMPLICON,METAGENOMIC,PCR,single,PACBIO_SMRT,Revio,./data/16S/16S_3_5.fastq.gz,./data/16S/filtN/16S_3_5_filtN.fastq.gz,./data/16S/cutadapt/16S_3_5_cutadapt.fastq.gz,./data/16S/filtered/16S_3_5_filtered.fastq.gz
16S_3_6,,P3.6,8.46,5.74,2.49,1.19,0.23,Not detc,359,3,3-4 years,1.68215,103.83654,NA,16S,16S_3_6.fastq.gz,1.68215 N 103.83654 E,soil metagenome,410658,SRR29200433,SRP510185,PRJNA1117193,SAMN41561271,AMPLICON,METAGENOMIC,PCR,single,PACBIO_SMRT,Revio,./data/16S/16S_3_6.fastq.gz,./data/16S/filtN/16S_3_6_filtN.fastq.gz,./data/16S/cutadapt/16S_3_6_cutadapt.fastq.gz,./data/16S/filtered/16S_3_6_filtered.fastq.gz
16S_3_7,,P3.7,4.76,5.8,2.66,1.39,0.33,Not detc,567,3,3-4 years,1.68215,103.83663,NA,16S,16S_3_7.fastq.gz,1.68215 N 103.83663 E,soil metagenome,410658,SRR29200432,SRP510185,PRJNA1117193,SAMN41561272,AMPLICON,METAGENOMIC,PCR,single,PACBIO_SMRT,Revio,./data/16S/16S_3_7.fastq.gz,./data/16S/filtN/16S_3_7_filtN.fastq.gz,./data/16S/cutadapt/16S_3_7_cutadapt.fastq.gz,./data/16S/filtered/16S_3_7_filtered.fastq.gz
16S_3_8,,P3.8,19.6,5.49,2.63,1.58,0.35,Not detc,629,3,3-4 years,1.68216,103.83673,NA,16S,16S_3_8.fastq.gz,1.68216 N 103.83673 E,soil metagenome,410658,SRR29200431,SRP510185,PRJNA1117193,SAMN41561273,AMPLICON,METAGENOMIC,PCR,single,PACBIO_SMRT,Revio,./data/16S/16S_3_8.fastq.gz,./data/16S/filtN/16S_3_8_filtN.fastq.gz,./data/16S/cutadapt/16S_3_8_cutadapt.fastq.gz,./data/16S/filtered/16S_3_8_filtered.fastq.gz
16S_3_9,,P3.9,44.4,5.59,1.86,1.5,0.27,Not detc,726,3,3-4 years,1.68217,103.83683,NA,16S,16S_3_9.fastq.gz,1.68217 N 103.83683 E,soil metagenome,410658,SRR29200429,SRP510185,PRJNA1117193,SAMN41561274,AMPLICON,METAGENOMIC,PCR,single,PACBIO_SMRT,Revio,./data/16S/16S_3_9.fastq.gz,./data/16S/filtN/16S_3_9_filtN.fastq.gz,./data/16S/cutadapt/16S_3_9_cutadapt.fastq.gz,./data/16S/filtered/16S_3_9_filtered.fastq.gz
16S_3_10,,P3.10,21,5.6,1.55,1.01,0.28,Not detc,155,3,3-4 years,1.68219,103.83688,NA,16S,16S_3_10.fastq.gz,1.68219 N 103.83688 E,soil metagenome,410658,SRR29200428,SRP510185,PRJNA1117193,SAMN41561275,AMPLICON,METAGENOMIC,PCR,single,PACBIO_SMRT,Revio,./data/16S/16S_3_10.fastq.gz,./data/16S/filtN/16S_3_10_filtN.fastq.gz,./data/16S/cutadapt/16S_3_10_cutadapt.fastq.gz,./data/16S/filtered/16S_3_10_filtered.fastq.gz
16S_3_11,,P3.11,72,5.55,1.86,1.29,0.23,Not detc,521,3,3-4 years,1.68219,103.83699,NA,16S,16S_3_11.fastq.gz,1.68219 N 103.83699 E,soil metagenome,410658,SRR29200427,SRP510185,PRJNA1117193,SAMN41561276,AMPLICON,METAGENOMIC,PCR,single,PACBIO_SMRT,Revio,./data/16S/16S_3_11.fastq.gz,./data/16S/filtN/16S_3_11_filtN.fastq.gz,./data/16S/cutadapt/16S_3_11_cutadapt.fastq.gz,./data/16S/filtered/16S_3_11_filtered.fastq.gz
16S_3_12,,P3.12,31.4,5.82,1.66,1.36,0.32,Not detc,541,3,3-4 years,1.68215,103.83707,NA,16S,16S_3_12.fastq.gz,1.68215 N 103.83707 E,soil metagenome,410658,SRR29200426,SRP510185,PRJNA1117193,SAMN41561277,AMPLICON,METAGENOMIC,PCR,single,PACBIO_SMRT,Revio,./data/16S/16S_3_12.fastq.gz,./data/16S/filtN/16S_3_12_filtN.fastq.gz,./data/16S/cutadapt/16S_3_12_cutadapt.fastq.gz,./data/16S/filtered/16S_3_12_filtered.fastq.gz
16S_3_13,,P3.13,25.6,5.94,1.9,1.36,0.23,Not detc,387,3,3-4 years,1.68222,103.83706,NA,16S,16S_3_13.fastq.gz,1.68222 N 103.83706 E,soil metagenome,410658,SRR29200425,SRP510185,PRJNA1117193,SAMN41561278,AMPLICON,METAGENOMIC,PCR,single,PACBIO_SMRT,Revio,./data/16S/16S_3_13.fastq.gz,./data/16S/filtN/16S_3_13_filtN.fastq.gz,./data/16S/cutadapt/16S_3_13_cutadapt.fastq.gz,./data/16S/filtered/16S_3_13_filtered.fastq.gz
16S_3_14,,P3.14,28.8,5.53,2.35,1.56,0.35,Not detc,744,3,3-4 years,1.68223,103.83693,NA,16S,16S_3_14.fastq.gz,1.68223 N 103.83693 E,soil metagenome,410658,SRR29200424,SRP510185,PRJNA1117193,SAMN41561279,AMPLICON,METAGENOMIC,PCR,single,PACBIO_SMRT,Revio,./data/16S/16S_3_14.fastq.gz,./data/16S/filtN/16S_3_14_filtN.fastq.gz,./data/16S/cutadapt/16S_3_14_cutadapt.fastq.gz,./data/16S/filtered/16S_3_14_filtered.fastq.gz
16S_3_15,,P3.15,19.7,5.81,1.88,1.45,0.33,Not detc,481,3,3-4 years,1.68222,103.83685,NA,16S,16S_3_15.fastq.gz,1.68222 N 103.83685 E,soil metagenome,410658,SRR29200423,SRP510185,PRJNA1117193,SAMN41561280,AMPLICON,METAGENOMIC,PCR,single,PACBIO_SMRT,Revio,./data/16S/16S_3_15.fastq.gz,./data/16S/filtN/16S_3_15_filtN.fastq.gz,./data/16S/cutadapt/16S_3_15_cutadapt.fastq.gz,./data/16S/filtered/16S_3_15_filtered.fastq.gz
16S_3_16,,P3.16,33.2,5.76,1.94,0.83,0.39,Not detc,501,3,3-4 years,1.68223,103.83676,NA,16S,16S_3_16.fastq.gz,1.68223 N 103.83676 E,soil metagenome,410658,SRR29200422,SRP510185,PRJNA1117193,SAMN41561281,AMPLICON,METAGENOMIC,PCR,single,PACBIO_SMRT,Revio,./data/16S/16S_3_16.fastq.gz,./data/16S/filtN/16S_3_16_filtN.fastq.gz,./data/16S/cutadapt/16S_3_16_cutadapt.fastq.gz,./data/16S/filtered/16S_3_16_filtered.fastq.gz
16S_4_1,,P4.1,7.74,5.13,1.37,1.25,0.24,Not detc,316,4,0-1 years,1.68166,103.83443,NA,16S,16S_4_1.fastq.gz,1.68166 N 103.83443 E,soil metagenome,410658,SRR29200421,SRP510185,PRJNA1117193,SAMN41561282,AMPLICON,METAGENOMIC,PCR,single,PACBIO_SMRT,Revio,./data/16S/16S_4_1.fastq.gz,./data/16S/filtN/16S_4_1_filtN.fastq.gz,./data/16S/cutadapt/16S_4_1_cutadapt.fastq.gz,./data/16S/filtered/16S_4_1_filtered.fastq.gz
16S_4_2,,P4.2,11.6,5.14,1.63,1.48,0.25,Not detc,319,4,0-1 years,1.68169,103.83447,NA,16S,16S_4_2.fastq.gz,1.68169 N 103.83447 E,soil metagenome,410658,SRR29200420,SRP510185,PRJNA1117193,SAMN41561283,AMPLICON,METAGENOMIC,PCR,single,PACBIO_SMRT,Revio,./data/16S/16S_4_2.fastq.gz,./data/16S/filtN/16S_4_2_filtN.fastq.gz,./data/16S/cutadapt/16S_4_2_cutadapt.fastq.gz,./data/16S/filtered/16S_4_2_filtered.fastq.gz
16S_4_3,,P4.3,8.66,5.19,2.01,1.57,0.3,Not detc,358,4,0-1 years,1.68176,103.8345,NA,16S,16S_4_3.fastq.gz,1.68176 N 103.8345 E,soil metagenome,410658,SRR29200418,SRP510185,PRJNA1117193,SAMN41561284,AMPLICON,METAGENOMIC,PCR,single,PACBIO_SMRT,Revio,./data/16S/16S_4_3.fastq.gz,./data/16S/filtN/16S_4_3_filtN.fastq.gz,./data/16S/cutadapt/16S_4_3_cutadapt.fastq.gz,./data/16S/filtered/16S_4_3_filtered.fastq.gz
16S_4_4,,P4.4,19,4.83,1.97,1.66,0.28,Not detc,342,4,0-1 years,1.68184,103.83448,NA,16S,16S_4_4.fastq.gz,1.68184 N 103.83448 E,soil metagenome,410658,SRR29200417,SRP510185,PRJNA1117193,SAMN41561285,AMPLICON,METAGENOMIC,PCR,single,PACBIO_SMRT,Revio,./data/16S/16S_4_4.fastq.gz,./data/16S/filtN/16S_4_4_filtN.fastq.gz,./data/16S/cutadapt/16S_4_4_cutadapt.fastq.gz,./data/16S/filtered/16S_4_4_filtered.fastq.gz
16S_4_5,,P4.5,9.86,4.98,1.35,1.5,0.22,Not detc,192,4,0-1 years,1.68179,103.83445,NA,16S,16S_4_5.fastq.gz,1.68179 N 103.83445 E,soil metagenome,410658,SRR29200416,SRP510185,PRJNA1117193,SAMN41561286,AMPLICON,METAGENOMIC,PCR,single,PACBIO_SMRT,Revio,./data/16S/16S_4_5.fastq.gz,./data/16S/filtN/16S_4_5_filtN.fastq.gz,./data/16S/cutadapt/16S_4_5_cutadapt.fastq.gz,./data/16S/filtered/16S_4_5_filtered.fastq.gz
16S_4_6,,P4.6,16.5,4.89,2.41,1.5,0.33,Not detc,377,4,0-1 years,1.68181,103.83438,NA,16S,16S_4_6.fastq.gz,1.68181 N 103.83438 E,soil metagenome,410658,SRR29200415,SRP510185,PRJNA1117193,SAMN41561287,AMPLICON,METAGENOMIC,PCR,single,PACBIO_SMRT,Revio,./data/16S/16S_4_6.fastq.gz,./data/16S/filtN/16S_4_6_filtN.fastq.gz,./data/16S/cutadapt/16S_4_6_cutadapt.fastq.gz,./data/16S/filtered/16S_4_6_filtered.fastq.gz
16S_4_7,,P4.7,6.8,5.11,1.82,1.46,0.26,Not detc,267,4,0-1 years,1.68183,103.83431,NA,16S,16S_4_7.fastq.gz,1.68183 N 103.83431 E,soil metagenome,410658,SRR29200414,SRP510185,PRJNA1117193,SAMN41561288,AMPLICON,METAGENOMIC,PCR,single,PACBIO_SMRT,Revio,./data/16S/16S_4_7.fastq.gz,./data/16S/filtN/16S_4_7_filtN.fastq.gz,./data/16S/cutadapt/16S_4_7_cutadapt.fastq.gz,./data/16S/filtered/16S_4_7_filtered.fastq.gz
16S_4_8,,P4.8,2.48,5.03,2.09,1.4,0.34,Not detc,339,4,0-1 years,1.68192,103.83436,NA,16S,16S_4_8.fastq.gz,1.68192 N 103.83436 E,soil metagenome,410658,SRR29200413,SRP510185,PRJNA1117193,SAMN41561289,AMPLICON,METAGENOMIC,PCR,single,PACBIO_SMRT,Revio,./data/16S/16S_4_8.fastq.gz,./data/16S/filtN/16S_4_8_filtN.fastq.gz,./data/16S/cutadapt/16S_4_8_cutadapt.fastq.gz,./data/16S/filtered/16S_4_8_filtered.fastq.gz
16S_4_9,,P4.9,14.7,5.19,1.67,1.69,0.36,Not detc,386,4,0-1 years,1.68175,103.83438,NA,16S,16S_4_9.fastq.gz,1.68175 N 103.83438 E,soil metagenome,410658,SRR29200412,SRP510185,PRJNA1117193,SAMN41561290,AMPLICON,METAGENOMIC,PCR,single,PACBIO_SMRT,Revio,./data/16S/16S_4_9.fastq.gz,./data/16S/filtN/16S_4_9_filtN.fastq.gz,./data/16S/cutadapt/16S_4_9_cutadapt.fastq.gz,./data/16S/filtered/16S_4_9_filtered.fastq.gz
16S_4_10,,P4.10,14.3,4.99,1.28,1.36,0.24,Not detc,294,4,0-1 years,1.68207,103.83434,NA,16S,16S_4_10.fastq.gz,1.68207 N 103.83434 E,soil metagenome,410658,SRR29200411,SRP510185,PRJNA1117193,SAMN41561291,AMPLICON,METAGENOMIC,PCR,single,PACBIO_SMRT,Revio,./data/16S/16S_4_10.fastq.gz,./data/16S/filtN/16S_4_10_filtN.fastq.gz,./data/16S/cutadapt/16S_4_10_cutadapt.fastq.gz,./data/16S/filtered/16S_4_10_filtered.fastq.gz
16S_4_11,,P4.11,5.56,5.23,1.58,1.34,0.29,Not detc,256,4,0-1 years,1.68209,103.83428,NA,16S,16S_4_11.fastq.gz,1.68209 N 103.83428 E,soil metagenome,410658,SRR29200410,SRP510185,PRJNA1117193,SAMN41561292,AMPLICON,METAGENOMIC,PCR,single,PACBIO_SMRT,Revio,./data/16S/16S_4_11.fastq.gz,./data/16S/filtN/16S_4_11_filtN.fastq.gz,./data/16S/cutadapt/16S_4_11_cutadapt.fastq.gz,./data/16S/filtered/16S_4_11_filtered.fastq.gz
16S_4_12,,P4.12,20.4,5.04,1.94,1.29,0.25,Not detc,163,4,0-1 years,1.68203,103.83427,NA,16S,16S_4_12.fastq.gz,1.68203 N 103.83427 E,soil metagenome,410658,SRR29200409,SRP510185,PRJNA1117193,SAMN41561293,AMPLICON,METAGENOMIC,PCR,single,PACBIO_SMRT,Revio,./data/16S/16S_4_12.fastq.gz,./data/16S/filtN/16S_4_12_filtN.fastq.gz,./data/16S/cutadapt/16S_4_12_cutadapt.fastq.gz,./data/16S/filtered/16S_4_12_filtered.fastq.gz
16S_4_13,,P4.13,4.5,5.05,1.94,1.5,0.37,Not detc,323,4,0-1 years,1.68197,103.83429,NA,16S,16S_4_13.fastq.gz,1.68197 N 103.83429 E,soil metagenome,410658,SRR29200407,SRP510185,PRJNA1117193,SAMN41561294,AMPLICON,METAGENOMIC,PCR,single,PACBIO_SMRT,Revio,./data/16S/16S_4_13.fastq.gz,./data/16S/filtN/16S_4_13_filtN.fastq.gz,./data/16S/cutadapt/16S_4_13_cutadapt.fastq.gz,./data/16S/filtered/16S_4_13_filtered.fastq.gz
16S_4_14,,P4.14,12.9,5.17,1.91,1.37,0.26,Not detc,331,4,0-1 years,1.68188,103.83426,NA,16S,16S_4_14.fastq.gz,1.68188 N 103.83426 E,soil metagenome,410658,SRR29200406,SRP510185,PRJNA1117193,SAMN41561295,AMPLICON,METAGENOMIC,PCR,single,PACBIO_SMRT,Revio,./data/16S/16S_4_14.fastq.gz,./data/16S/filtN/16S_4_14_filtN.fastq.gz,./data/16S/cutadapt/16S_4_14_cutadapt.fastq.gz,./data/16S/filtered/16S_4_14_filtered.fastq.gz
16S_4_15,,P4.15,18.5,4.99,1.6,1.45,0.23,Not detc,288,4,0-1 years,1.68191,103.83424,NA,16S,16S_4_15.fastq.gz,1.68191 N 103.83424 E,soil metagenome,410658,SRR29200405,SRP510185,PRJNA1117193,SAMN41561296,AMPLICON,METAGENOMIC,PCR,single,PACBIO_SMRT,Revio,./data/16S/16S_4_15.fastq.gz,./data/16S/filtN/16S_4_15_filtN.fastq.gz,./data/16S/cutadapt/16S_4_15_cutadapt.fastq.gz,./data/16S/filtered/16S_4_15_filtered.fastq.gz
16S_4_16,,P4.16,45.4,5.11,1.3,1.32,0.23,Not detc,238,4,0-1 years,1.68202,103.83419,NA,16S,16S_4_16.fastq.gz,1.68202 N 103.83419 E,soil metagenome,410658,SRR29200404,SRP510185,PRJNA1117193,SAMN41561297,AMPLICON,METAGENOMIC,PCR,single,PACBIO_SMRT,Revio,./data/16S/16S_4_16.fastq.gz,./data/16S/filtN/16S_4_16_filtN.fastq.gz,./data/16S/cutadapt/16S_4_16_cutadapt.fastq.gz,./data/16S/filtered/16S_4_16_filtered.fastq.gz
16S_5_1,,P5.1,11.5,4.78,1.36,1.28,0.28,Not detc,326,5,oil palm,1.68334,103.83957,NA,16S,16S_5_1.fastq.gz,1.68334 N 103.83957 E,soil metagenome,410658,SRR29200403,SRP510185,PRJNA1117193,SAMN41561298,AMPLICON,METAGENOMIC,PCR,single,PACBIO_SMRT,Revio,./data/16S/16S_5_1.fastq.gz,./data/16S/filtN/16S_5_1_filtN.fastq.gz,./data/16S/cutadapt/16S_5_1_cutadapt.fastq.gz,./data/16S/filtered/16S_5_1_filtered.fastq.gz
16S_5_2,,P5.2,13.7,4.76,1.63,1.18,0.27,Not detc,347,5,oil palm,1.68326,103.83955,NA,16S,16S_5_2.fastq.gz,1.68326 N 103.83955 E,soil metagenome,410658,SRR29200402,SRP510185,PRJNA1117193,SAMN41561299,AMPLICON,METAGENOMIC,PCR,single,PACBIO_SMRT,Revio,./data/16S/16S_5_2.fastq.gz,./data/16S/filtN/16S_5_2_filtN.fastq.gz,./data/16S/cutadapt/16S_5_2_cutadapt.fastq.gz,./data/16S/filtered/16S_5_2_filtered.fastq.gz
16S_5_3,,P5.3,9.46,5.02,1.09,0.97,0.21,Not detc,344,5,oil palm,1.68319,103.83962,NA,16S,16S_5_3.fastq.gz,1.68319 N 103.83962 E,soil metagenome,410658,SRR29200401,SRP510185,PRJNA1117193,SAMN41561300,AMPLICON,METAGENOMIC,PCR,single,PACBIO_SMRT,Revio,./data/16S/16S_5_3.fastq.gz,./data/16S/filtN/16S_5_3_filtN.fastq.gz,./data/16S/cutadapt/16S_5_3_cutadapt.fastq.gz,./data/16S/filtered/16S_5_3_filtered.fastq.gz
16S_5_4,,P5.4,7,5.02,1.27,1.01,0.28,Not detc,355,5,oil palm,1.68326,103.83966,NA,16S,16S_5_4.fastq.gz,1.68326 N 103.83966 E,soil metagenome,410658,SRR29200400,SRP510185,PRJNA1117193,SAMN41561301,AMPLICON,METAGENOMIC,PCR,single,PACBIO_SMRT,Revio,./data/16S/16S_5_4.fastq.gz,./data/16S/filtN/16S_5_4_filtN.fastq.gz,./data/16S/cutadapt/16S_5_4_cutadapt.fastq.gz,./data/16S/filtered/16S_5_4_filtered.fastq.gz
16S_5_5,,P5.5,4.82,5.02,1.07,1.03,0.22,Not detc,258,5,oil palm,1.68334,103.83974,NA,16S,16S_5_5.fastq.gz,1.68334 N 103.83974 E,soil metagenome,410658,SRR29200399,SRP510185,PRJNA1117193,SAMN41561302,AMPLICON,METAGENOMIC,PCR,single,PACBIO_SMRT,Revio,./data/16S/16S_5_5.fastq.gz,./data/16S/filtN/16S_5_5_filtN.fastq.gz,./data/16S/cutadapt/16S_5_5_cutadapt.fastq.gz,./data/16S/filtered/16S_5_5_filtered.fastq.gz
16S_5_6,,P5.6,3.14,5.03,1.42,1.47,0.22,Not detc,331,5,oil palm,1.68324,103.83976,NA,16S,16S_5_6.fastq.gz,1.68324 N 103.83976 E,soil metagenome,410658,SRR29200398,SRP510185,PRJNA1117193,SAMN41561303,AMPLICON,METAGENOMIC,PCR,single,PACBIO_SMRT,Revio,./data/16S/16S_5_6.fastq.gz,./data/16S/filtN/16S_5_6_filtN.fastq.gz,./data/16S/cutadapt/16S_5_6_cutadapt.fastq.gz,./data/16S/filtered/16S_5_6_filtered.fastq.gz
16S_5_7,,P5.7,10.8,4.99,1.04,1.29,0.3,Not detc,642,5,oil palm,1.68321,103.83976,NA,16S,16S_5_7.fastq.gz,1.68321 N 103.83976 E,soil metagenome,410658,SRR29200536,SRP510185,PRJNA1117193,SAMN41561304,AMPLICON,METAGENOMIC,PCR,single,PACBIO_SMRT,Revio,./data/16S/16S_5_7.fastq.gz,./data/16S/filtN/16S_5_7_filtN.fastq.gz,./data/16S/cutadapt/16S_5_7_cutadapt.fastq.gz,./data/16S/filtered/16S_5_7_filtered.fastq.gz
16S_5_8,,P5.8,10.2,4.88,1.42,1.69,0.24,Not detc,332,5,oil palm,1.6832,103.83983,NA,16S,16S_5_8.fastq.gz,1.6832 N 103.83983 E,soil metagenome,410658,SRR29200535,SRP510185,PRJNA1117193,SAMN41561305,AMPLICON,METAGENOMIC,PCR,single,PACBIO_SMRT,Revio,./data/16S/16S_5_8.fastq.gz,./data/16S/filtN/16S_5_8_filtN.fastq.gz,./data/16S/cutadapt/16S_5_8_cutadapt.fastq.gz,./data/16S/filtered/16S_5_8_filtered.fastq.gz
16S_5_9,,P5.9,7.5,5.07,1.46,1.27,0.25,Not detc,554,5,oil palm,1.68329,103.83982,NA,16S,16S_5_9.fastq.gz,1.68329 N 103.83982 E,soil metagenome,410658,SRR29200534,SRP510185,PRJNA1117193,SAMN41561306,AMPLICON,METAGENOMIC,PCR,single,PACBIO_SMRT,Revio,./data/16S/16S_5_9.fastq.gz,./data/16S/filtN/16S_5_9_filtN.fastq.gz,./data/16S/cutadapt/16S_5_9_cutadapt.fastq.gz,./data/16S/filtered/16S_5_9_filtered.fastq.gz
16S_5_10,,P5.10,7.24,5.03,1.12,1.14,0.23,Not detc,372,5,oil palm,1.68337,103.83987,NA,16S,16S_5_10.fastq.gz,1.68337 N 103.83987 E,soil metagenome,410658,SRR29200533,SRP510185,PRJNA1117193,SAMN41561307,AMPLICON,METAGENOMIC,PCR,single,PACBIO_SMRT,Revio,./data/16S/16S_5_10.fastq.gz,./data/16S/filtN/16S_5_10_filtN.fastq.gz,./data/16S/cutadapt/16S_5_10_cutadapt.fastq.gz,./data/16S/filtered/16S_5_10_filtered.fastq.gz
16S_5_11,,P5.11,8.32,4.73,1.8,1.45,0.26,Not detc,269,5,oil palm,1.68335,103.83999,NA,16S,16S_5_11.fastq.gz,1.68335 N 103.83999 E,soil metagenome,410658,SRR29200532,SRP510185,PRJNA1117193,SAMN41561308,AMPLICON,METAGENOMIC,PCR,single,PACBIO_SMRT,Revio,./data/16S/16S_5_11.fastq.gz,./data/16S/filtN/16S_5_11_filtN.fastq.gz,./data/16S/cutadapt/16S_5_11_cutadapt.fastq.gz,./data/16S/filtered/16S_5_11_filtered.fastq.gz
16S_5_12,,P5.12,7.56,5.09,1.09,1.23,0.25,Not detc,367,5,oil palm,1.68327,103.83994,NA,16S,16S_5_12.fastq.gz,1.68327 N 103.83994 E,soil metagenome,410658,SRR29200531,SRP510185,PRJNA1117193,SAMN41561309,AMPLICON,METAGENOMIC,PCR,single,PACBIO_SMRT,Revio,./data/16S/16S_5_12.fastq.gz,./data/16S/filtN/16S_5_12_filtN.fastq.gz,./data/16S/cutadapt/16S_5_12_cutadapt.fastq.gz,./data/16S/filtered/16S_5_12_filtered.fastq.gz
16S_5_13,,P5.13,11.5,5.01,1.35,1.19,0.26,Not detc,549,5,oil palm,1.68321,103.83989,NA,16S,16S_5_13.fastq.gz,1.68321 N 103.83989 E,soil metagenome,410658,SRR29200530,SRP510185,PRJNA1117193,SAMN41561310,AMPLICON,METAGENOMIC,PCR,single,PACBIO_SMRT,Revio,./data/16S/16S_5_13.fastq.gz,./data/16S/filtN/16S_5_13_filtN.fastq.gz,./data/16S/cutadapt/16S_5_13_cutadapt.fastq.gz,./data/16S/filtered/16S_5_13_filtered.fastq.gz
16S_5_14,,P5.14,12.2,4.98,1.17,1.46,0.24,Not detc,310,5,oil palm,1.68321,103.83995,NA,16S,16S_5_14.fastq.gz,1.68321 N 103.83995 E,soil metagenome,410658,SRR29200529,SRP510185,PRJNA1117193,SAMN41561311,AMPLICON,METAGENOMIC,PCR,single,PACBIO_SMRT,Revio,./data/16S/16S_5_14.fastq.gz,./data/16S/filtN/16S_5_14_filtN.fastq.gz,./data/16S/cutadapt/16S_5_14_cutadapt.fastq.gz,./data/16S/filtered/16S_5_14_filtered.fastq.gz
16S_5_15,,P5.15,34.2,4.77,1.29,0.9,0.24,Not detc,356,5,oil palm,1.6832,103.84006,NA,16S,16S_5_15.fastq.gz,1.6832 N 103.84006 E,soil metagenome,410658,SRR29200528,SRP510185,PRJNA1117193,SAMN41561312,AMPLICON,METAGENOMIC,PCR,single,PACBIO_SMRT,Revio,./data/16S/16S_5_15.fastq.gz,./data/16S/filtN/16S_5_15_filtN.fastq.gz,./data/16S/cutadapt/16S_5_15_cutadapt.fastq.gz,./data/16S/filtered/16S_5_15_filtered.fastq.gz
16S_5_16,,P5.16,30.6,4.92,1.18,1.12,0.23,Not detc,385,5,oil palm,1.68325,103.84004,NA,16S,16S_5_16.fastq.gz,1.68325 N 103.84004 E,soil metagenome,410658,SRR29200527,SRP510185,PRJNA1117193,SAMN41561313,AMPLICON,METAGENOMIC,PCR,single,PACBIO_SMRT,Revio,./data/16S/16S_5_16.fastq.gz,./data/16S/filtN/16S_5_16_filtN.fastq.gz,./data/16S/cutadapt/16S_5_16_cutadapt.fastq.gz,./data/16S/filtered/16S_5_16_filtered.fastq.gz
16S_Blank_1,Neg,Blank.1,NA,NA,NA,NA,NA,NA,NA,NA,NA,NA,NA,NA,16S,16S_Blank_1.fastq.gz,NA,soil metagenome,410658,SRR29200525,SRP510185,PRJNA1117193,SAMN41561314,AMPLICON,METAGENOMIC,PCR,single,PACBIO_SMRT,Revio,./data/16S/16S_Blank_1.fastq.gz,./data/16S/filtN/16S_Blank_1_filtN.fastq.gz,./data/16S/cutadapt/16S_Blank_1_cutadapt.fastq.gz,./data/16S/filtered/16S_Blank_1_filtered.fastq.gz
16S_Blank_2,Neg,Blank.2,NA,NA,NA,NA,NA,NA,NA,NA,NA,NA,NA,NA,16S,16S_Blank_2.fastq.gz,NA,soil metagenome,410658,SRR29200524,SRP510185,PRJNA1117193,SAMN41561315,AMPLICON,METAGENOMIC,PCR,single,PACBIO_SMRT,Revio,./data/16S/16S_Blank_2.fastq.gz,./data/16S/filtN/16S_Blank_2_filtN.fastq.gz,./data/16S/cutadapt/16S_Blank_2_cutadapt.fastq.gz,./data/16S/filtered/16S_Blank_2_filtered.fastq.gz
16S_Blank_3,Neg,Blank.3,NA,NA,NA,NA,NA,NA,NA,NA,NA,NA,NA,NA,16S,16S_Blank_3.fastq.gz,NA,soil metagenome,410658,SRR29200523,SRP510185,PRJNA1117193,SAMN41561316,AMPLICON,METAGENOMIC,PCR,single,PACBIO_SMRT,Revio,./data/16S/16S_Blank_3.fastq.gz,./data/16S/filtN/16S_Blank_3_filtN.fastq.gz,./data/16S/cutadapt/16S_Blank_3_cutadapt.fastq.gz,./data/16S/filtered/16S_Blank_3_filtered.fastq.gz
16S_Blank_4,Neg,Blank.4,NA,NA,NA,NA,NA,NA,NA,NA,NA,NA,NA,NA,16S,16S_Blank_4.fastq.gz,NA,soil metagenome,410658,SRR29200522,SRP510185,PRJNA1117193,SAMN41561317,AMPLICON,METAGENOMIC,PCR,single,PACBIO_SMRT,Revio,./data/16S/16S_Blank_4.fastq.gz,./data/16S/filtN/16S_Blank_4_filtN.fastq.gz,./data/16S/cutadapt/16S_Blank_4_cutadapt.fastq.gz,./data/16S/filtered/16S_Blank_4_filtered.fastq.gz
16S_Zy-Mock_1,Pos,Zy-Mock.1,NA,NA,NA,NA,NA,NA,NA,NA,NA,NA,NA,NA,16S,16S_Zy-Mock_1.fastq.gz,NA,soil metagenome,410658,SRR29200521,SRP510185,PRJNA1117193,SAMN41561318,AMPLICON,METAGENOMIC,PCR,single,PACBIO_SMRT,Revio,./data/16S/16S_Zy-Mock_1.fastq.gz,./data/16S/filtN/16S_Zy-Mock_1_filtN.fastq.gz,./data/16S/cutadapt/16S_Zy-Mock_1_cutadapt.fastq.gz,./data/16S/filtered/16S_Zy-Mock_1_filtered.fastq.gz
16S_Zy-Mock_2,Pos,Zy-Mock.2,NA,NA,NA,NA,NA,NA,NA,NA,NA,NA,NA,NA,16S,16S_Zy-Mock_2.fastq.gz,NA,soil metagenome,410658,SRR29200520,SRP510185,PRJNA1117193,SAMN41561319,AMPLICON,METAGENOMIC,PCR,single,PACBIO_SMRT,Revio,./data/16S/16S_Zy-Mock_2.fastq.gz,./data/16S/filtN/16S_Zy-Mock_2_filtN.fastq.gz,./data/16S/cutadapt/16S_Zy-Mock_2_cutadapt.fastq.gz,./data/16S/filtered/16S_Zy-Mock_2_filtered.fastq.gz
16S_Zy-Mock_3,Pos,Zy-Mock.3,NA,NA,NA,NA,NA,NA,NA,NA,NA,NA,NA,NA,16S,16S_Zy-Mock_3.fastq.gz,NA,soil metagenome,410658,SRR29200519,SRP510185,PRJNA1117193,SAMN41561320,AMPLICON,METAGENOMIC,PCR,single,PACBIO_SMRT,Revio,./data/16S/16S_Zy-Mock_3.fastq.gz,./data/16S/filtN/16S_Zy-Mock_3_filtN.fastq.gz,./data/16S/cutadapt/16S_Zy-Mock_3_cutadapt.fastq.gz,./data/16S/filtered/16S_Zy-Mock_3_filtered.fastq.gz
16S_Zy-Mock_4,Pos,Zy-Mock.4,NA,NA,NA,NA,NA,NA,NA,NA,NA,NA,NA,NA,16S,16S_Zy-Mock_4.fastq.gz,NA,soil metagenome,410658,SRR29200518,SRP510185,PRJNA1117193,SAMN41561321,AMPLICON,METAGENOMIC,PCR,single,PACBIO_SMRT,Revio,./data/16S/16S_Zy-Mock_4.fastq.gz,./data/16S/filtN/16S_Zy-Mock_4_filtN.fastq.gz,./data/16S/cutadapt/16S_Zy-Mock_4_cutadapt.fastq.gz,./data/16S/filtered/16S_Zy-Mock_4_filtered.fastq.gz
ITS_1_1,,P1.1,49.6,5.4,2.19,1.36,0.29,Not detc,346,1,1-2 years,1.68115,103.8371,NA,ITS,ITS_1_1.fastq.gz,1.68115 N 103.8371 E,soil metagenome,410658,SRR29200517,SRP510185,PRJNA1117193,SAMN41561322,AMPLICON,METAGENOMIC,PCR,single,PACBIO_SMRT,Revio,./data/ITS/ITS_1_1.fastq.gz,./data/ITS/filtN/ITS_1_1_filtN.fastq.gz,./data/ITS/cutadapt/ITS_1_1_cutadapt.fastq.gz,./data/ITS/filtered/ITS_1_1_filtered.fastq.gz
ITS_1_2,,P1.2,32.2,5.41,1.86,1.28,0.27,Not detc,495,1,1-2 years,1.68117,103.83725,NA,ITS,ITS_1_2.fastq.gz,1.68117 N 103.83725 E,soil metagenome,410658,SRR29200516,SRP510185,PRJNA1117193,SAMN41561323,AMPLICON,METAGENOMIC,PCR,single,PACBIO_SMRT,Revio,./data/ITS/ITS_1_2.fastq.gz,./data/ITS/filtN/ITS_1_2_filtN.fastq.gz,./data/ITS/cutadapt/ITS_1_2_cutadapt.fastq.gz,./data/ITS/filtered/ITS_1_2_filtered.fastq.gz
ITS_1_3,,P1.3,78.6,5.42,2.69,1.58,0.38,Not detc,219,1,1-2 years,1.68119,103.83756,NA,ITS,ITS_1_3.fastq.gz,1.68119 N 103.83756 E,soil metagenome,410658,SRR29200514,SRP510185,PRJNA1117193,SAMN41561324,AMPLICON,METAGENOMIC,PCR,single,PACBIO_SMRT,Revio,./data/ITS/ITS_1_3.fastq.gz,./data/ITS/filtN/ITS_1_3_filtN.fastq.gz,./data/ITS/cutadapt/ITS_1_3_cutadapt.fastq.gz,./data/ITS/filtered/ITS_1_3_filtered.fastq.gz
ITS_1_4,,P1.4,36.2,5.51,1.35,0.85,0.23,Not detc,366,1,1-2 years,1.68124,103.83759,NA,ITS,ITS_1_4.fastq.gz,1.68124 N 103.83759 E,soil metagenome,410658,SRR29200513,SRP510185,PRJNA1117193,SAMN41561325,AMPLICON,METAGENOMIC,PCR,single,PACBIO_SMRT,Revio,./data/ITS/ITS_1_4.fastq.gz,./data/ITS/filtN/ITS_1_4_filtN.fastq.gz,./data/ITS/cutadapt/ITS_1_4_cutadapt.fastq.gz,./data/ITS/filtered/ITS_1_4_filtered.fastq.gz
ITS_1_5,,P1.5,35.2,5.42,1.94,1.34,0.33,Not detc,243,1,1-2 years,1.68122,103.83733,NA,ITS,ITS_1_5.fastq.gz,1.68122 N 103.83733 E,soil metagenome,410658,SRR29200512,SRP510185,PRJNA1117193,SAMN41561326,AMPLICON,METAGENOMIC,PCR,single,PACBIO_SMRT,Revio,./data/ITS/ITS_1_5.fastq.gz,./data/ITS/filtN/ITS_1_5_filtN.fastq.gz,./data/ITS/cutadapt/ITS_1_5_cutadapt.fastq.gz,./data/ITS/filtered/ITS_1_5_filtered.fastq.gz
ITS_1_6,,P1.6,54.2,5.37,1.84,1.49,0.29,Not detc,210,1,1-2 years,1.68122,103.83709,NA,ITS,ITS_1_6.fastq.gz,1.68122 N 103.83709 E,soil metagenome,410658,SRR29200511,SRP510185,PRJNA1117193,SAMN41561327,AMPLICON,METAGENOMIC,PCR,single,PACBIO_SMRT,Revio,./data/ITS/ITS_1_6.fastq.gz,./data/ITS/filtN/ITS_1_6_filtN.fastq.gz,./data/ITS/cutadapt/ITS_1_6_cutadapt.fastq.gz,./data/ITS/filtered/ITS_1_6_filtered.fastq.gz
ITS_1_7,,P1.7,54.8,5.7,2.02,1.15,0.35,Not detc,647,1,1-2 years,1.68126,103.83711,NA,ITS,ITS_1_7.fastq.gz,1.68126 N 103.83711 E,soil metagenome,410658,SRR29200510,SRP510185,PRJNA1117193,SAMN41561328,AMPLICON,METAGENOMIC,PCR,single,PACBIO_SMRT,Revio,./data/ITS/ITS_1_7.fastq.gz,./data/ITS/filtN/ITS_1_7_filtN.fastq.gz,./data/ITS/cutadapt/ITS_1_7_cutadapt.fastq.gz,./data/ITS/filtered/ITS_1_7_filtered.fastq.gz
ITS_1_8,,P1.8,29,5.39,1.79,1.32,0.29,Not detc,244,1,1-2 years,1.68127,103.83729,NA,ITS,ITS_1_8.fastq.gz,1.68127 N 103.83729 E,soil metagenome,410658,SRR29200509,SRP510185,PRJNA1117193,SAMN41561329,AMPLICON,METAGENOMIC,PCR,single,PACBIO_SMRT,Revio,./data/ITS/ITS_1_8.fastq.gz,./data/ITS/filtN/ITS_1_8_filtN.fastq.gz,./data/ITS/cutadapt/ITS_1_8_cutadapt.fastq.gz,./data/ITS/filtered/ITS_1_8_filtered.fastq.gz
ITS_1_9,,P1.9,35.8,5.62,2.45,1.33,0.37,Not detc,277,1,1-2 years,1.68131,103.83759,NA,ITS,ITS_1_9.fastq.gz,1.68131 N 103.83759 E,soil metagenome,410658,SRR29200508,SRP510185,PRJNA1117193,SAMN41561330,AMPLICON,METAGENOMIC,PCR,single,PACBIO_SMRT,Revio,./data/ITS/ITS_1_9.fastq.gz,./data/ITS/filtN/ITS_1_9_filtN.fastq.gz,./data/ITS/cutadapt/ITS_1_9_cutadapt.fastq.gz,./data/ITS/filtered/ITS_1_9_filtered.fastq.gz
ITS_1_10,,P1.10,52.2,5.59,2.29,1.35,0.36,Not detc,204,1,1-2 years,1.68128,103.83739,NA,ITS,ITS_1_10.fastq.gz,1.68128 N 103.83739 E,soil metagenome,410658,SRR29200507,SRP510185,PRJNA1117193,SAMN41561331,AMPLICON,METAGENOMIC,PCR,single,PACBIO_SMRT,Revio,./data/ITS/ITS_1_10.fastq.gz,./data/ITS/filtN/ITS_1_10_filtN.fastq.gz,./data/ITS/cutadapt/ITS_1_10_cutadapt.fastq.gz,./data/ITS/filtered/ITS_1_10_filtered.fastq.gz
ITS_1_11,,P1.11,48.6,5.62,1.7,1.51,0.26,Not detc,227,1,1-2 years,1.68126,103.83722,NA,ITS,ITS_1_11.fastq.gz,1.68126 N 103.83722 E,soil metagenome,410658,SRR29200506,SRP510185,PRJNA1117193,SAMN41561332,AMPLICON,METAGENOMIC,PCR,single,PACBIO_SMRT,Revio,./data/ITS/ITS_1_11.fastq.gz,./data/ITS/filtN/ITS_1_11_filtN.fastq.gz,./data/ITS/cutadapt/ITS_1_11_cutadapt.fastq.gz,./data/ITS/filtered/ITS_1_11_filtered.fastq.gz
ITS_1_12,,P1.12,52.6,5.51,1.65,1.3,0.29,Not detc,280,1,1-2 years,1.68125,103.83714,NA,ITS,ITS_1_12.fastq.gz,1.68125 N 103.83714 E,soil metagenome,410658,SRR29200505,SRP510185,PRJNA1117193,SAMN41561333,AMPLICON,METAGENOMIC,PCR,single,PACBIO_SMRT,Revio,./data/ITS/ITS_1_12.fastq.gz,./data/ITS/filtN/ITS_1_12_filtN.fastq.gz,./data/ITS/cutadapt/ITS_1_12_cutadapt.fastq.gz,./data/ITS/filtered/ITS_1_12_filtered.fastq.gz
ITS_1_13,,P1.13,46.8,5.66,1.92,1.44,0.27,Not detc,460,1,1-2 years,1.6812,103.83707,NA,ITS,ITS_1_13.fastq.gz,1.6812 N 103.83707 E,soil metagenome,410658,SRR29200570,SRP510185,PRJNA1117193,SAMN41561334,AMPLICON,METAGENOMIC,PCR,single,PACBIO_SMRT,Revio,./data/ITS/ITS_1_13.fastq.gz,./data/ITS/filtN/ITS_1_13_filtN.fastq.gz,./data/ITS/cutadapt/ITS_1_13_cutadapt.fastq.gz,./data/ITS/filtered/ITS_1_13_filtered.fastq.gz
ITS_1_14,,P1.14,47.6,5.61,1.65,1.15,0.21,Not detc,284,1,1-2 years,1.68121,103.87712,NA,ITS,ITS_1_14.fastq.gz,1.68121 N 103.87712 E,soil metagenome,410658,SRR29200569,SRP510185,PRJNA1117193,SAMN41561335,AMPLICON,METAGENOMIC,PCR,single,PACBIO_SMRT,Revio,./data/ITS/ITS_1_14.fastq.gz,./data/ITS/filtN/ITS_1_14_filtN.fastq.gz,./data/ITS/cutadapt/ITS_1_14_cutadapt.fastq.gz,./data/ITS/filtered/ITS_1_14_filtered.fastq.gz
ITS_1_15,,P1.15,35.2,5.48,1.75,1.29,0.24,Not detc,284,1,1-2 years,1.68122,103.83724,NA,ITS,ITS_1_15.fastq.gz,1.68122 N 103.83724 E,soil metagenome,410658,SRR29200568,SRP510185,PRJNA1117193,SAMN41561336,AMPLICON,METAGENOMIC,PCR,single,PACBIO_SMRT,Revio,./data/ITS/ITS_1_15.fastq.gz,./data/ITS/filtN/ITS_1_15_filtN.fastq.gz,./data/ITS/cutadapt/ITS_1_15_cutadapt.fastq.gz,./data/ITS/filtered/ITS_1_15_filtered.fastq.gz
ITS_1_16,,P1.16,41.4,5.41,2.39,1.19,0.32,Not detc,251,1,1-2 years,1.68118,103.83735,NA,ITS,ITS_1_16.fastq.gz,1.68118 N 103.83735 E,soil metagenome,410658,SRR29200567,SRP510185,PRJNA1117193,SAMN41561337,AMPLICON,METAGENOMIC,PCR,single,PACBIO_SMRT,Revio,./data/ITS/ITS_1_16.fastq.gz,./data/ITS/filtN/ITS_1_16_filtN.fastq.gz,./data/ITS/cutadapt/ITS_1_16_cutadapt.fastq.gz,./data/ITS/filtered/ITS_1_16_filtered.fastq.gz
ITS_2_1,,P2.1,12.4,5.57,2.91,1.39,0.35,Not detc,674,2,2-3 years,1.68282,103.83736,NA,ITS,ITS_2_1.fastq.gz,1.68282 N 103.83736 E,soil metagenome,410658,SRR29200566,SRP510185,PRJNA1117193,SAMN41561338,AMPLICON,METAGENOMIC,PCR,single,PACBIO_SMRT,Revio,./data/ITS/ITS_2_1.fastq.gz,./data/ITS/filtN/ITS_2_1_filtN.fastq.gz,./data/ITS/cutadapt/ITS_2_1_cutadapt.fastq.gz,./data/ITS/filtered/ITS_2_1_filtered.fastq.gz
ITS_2_2,,P2.2,28.2,5.66,3.86,1.71,0.51,Not detc,214,2,2-3 years,1.68282,103.83753,NA,ITS,ITS_2_2.fastq.gz,1.68282 N 103.83753 E,soil metagenome,410658,SRR29200565,SRP510185,PRJNA1117193,SAMN41561339,AMPLICON,METAGENOMIC,PCR,single,PACBIO_SMRT,Revio,./data/ITS/ITS_2_2.fastq.gz,./data/ITS/filtN/ITS_2_2_filtN.fastq.gz,./data/ITS/cutadapt/ITS_2_2_cutadapt.fastq.gz,./data/ITS/filtered/ITS_2_2_filtered.fastq.gz
ITS_2_3,,P2.3,69.6,5.62,1.34,1.32,0.21,Not detc,502,2,2-3 years,1.68279,103.83773,NA,ITS,ITS_2_3.fastq.gz,1.68279 N 103.83773 E,soil metagenome,410658,SRR29200564,SRP510185,PRJNA1117193,SAMN41561340,AMPLICON,METAGENOMIC,PCR,single,PACBIO_SMRT,Revio,./data/ITS/ITS_2_3.fastq.gz,./data/ITS/filtN/ITS_2_3_filtN.fastq.gz,./data/ITS/cutadapt/ITS_2_3_cutadapt.fastq.gz,./data/ITS/filtered/ITS_2_3_filtered.fastq.gz
ITS_2_4,,P2.4,61.6,5.59,2.28,1.48,0.31,Not detc,458,2,2-3 years,1.68278,103.83778,NA,ITS,ITS_2_4.fastq.gz,1.68278 N 103.83778 E,soil metagenome,410658,SRR29200563,SRP510185,PRJNA1117193,SAMN41561341,AMPLICON,METAGENOMIC,PCR,single,PACBIO_SMRT,Revio,./data/ITS/ITS_2_4.fastq.gz,./data/ITS/filtN/ITS_2_4_filtN.fastq.gz,./data/ITS/cutadapt/ITS_2_4_cutadapt.fastq.gz,./data/ITS/filtered/ITS_2_4_filtered.fastq.gz
ITS_2_5,,P2.5,18.5,5.57,2.1,1.12,0.43,Not detc,437,2,2-3 years,1.68278,103.83768,NA,ITS,ITS_2_5.fastq.gz,1.68278 N 103.83768 E,soil metagenome,410658,SRR29200562,SRP510185,PRJNA1117193,SAMN41561342,AMPLICON,METAGENOMIC,PCR,single,PACBIO_SMRT,Revio,./data/ITS/ITS_2_5.fastq.gz,./data/ITS/filtN/ITS_2_5_filtN.fastq.gz,./data/ITS/cutadapt/ITS_2_5_cutadapt.fastq.gz,./data/ITS/filtered/ITS_2_5_filtered.fastq.gz
ITS_2_6,,P2.6,38.4,5.33,3.08,1.61,0.37,Not detc,603,2,2-3 years,1.68277,103.83754,NA,ITS,ITS_2_6.fastq.gz,1.68277 N 103.83754 E,soil metagenome,410658,SRR29200561,SRP510185,PRJNA1117193,SAMN41561343,AMPLICON,METAGENOMIC,PCR,single,PACBIO_SMRT,Revio,./data/ITS/ITS_2_6.fastq.gz,./data/ITS/filtN/ITS_2_6_filtN.fastq.gz,./data/ITS/cutadapt/ITS_2_6_cutadapt.fastq.gz,./data/ITS/filtered/ITS_2_6_filtered.fastq.gz
ITS_2_7,,P2.7,65.4,5.39,3.02,1.74,0.4,Not detc,563,2,2-3 years,1.68274,103.83745,NA,ITS,ITS_2_7.fastq.gz,1.68274 N 103.83745 E,soil metagenome,410658,SRR29200559,SRP510185,PRJNA1117193,SAMN41561344,AMPLICON,METAGENOMIC,PCR,single,PACBIO_SMRT,Revio,./data/ITS/ITS_2_7.fastq.gz,./data/ITS/filtN/ITS_2_7_filtN.fastq.gz,./data/ITS/cutadapt/ITS_2_7_cutadapt.fastq.gz,./data/ITS/filtered/ITS_2_7_filtered.fastq.gz
ITS_2_8,,P2.8,38.2,5.6,1.99,1.62,0.31,Not detc,359,2,2-3 years,1.68275,103.83737,NA,ITS,ITS_2_8.fastq.gz,1.68275 N 103.83737 E,soil metagenome,410658,SRR29200558,SRP510185,PRJNA1117193,SAMN41561345,AMPLICON,METAGENOMIC,PCR,single,PACBIO_SMRT,Revio,./data/ITS/ITS_2_8.fastq.gz,./data/ITS/filtN/ITS_2_8_filtN.fastq.gz,./data/ITS/cutadapt/ITS_2_8_cutadapt.fastq.gz,./data/ITS/filtered/ITS_2_8_filtered.fastq.gz
ITS_2_9,,P2.9,27.8,5.58,1.67,1.48,0.29,Not detc,466,2,2-3 years,1.68272,103.83736,NA,ITS,ITS_2_9.fastq.gz,1.68272 N 103.83736 E,soil metagenome,410658,SRR29200557,SRP510185,PRJNA1117193,SAMN41561346,AMPLICON,METAGENOMIC,PCR,single,PACBIO_SMRT,Revio,./data/ITS/ITS_2_9.fastq.gz,./data/ITS/filtN/ITS_2_9_filtN.fastq.gz,./data/ITS/cutadapt/ITS_2_9_cutadapt.fastq.gz,./data/ITS/filtered/ITS_2_9_filtered.fastq.gz
ITS_2_10,,P2.10,9.5,5.34,3.13,1.41,0.37,Not detc,621,2,2-3 years,1.68273,103.83744,NA,ITS,ITS_2_10.fastq.gz,1.68273 N 103.83744 E,soil metagenome,410658,SRR29200556,SRP510185,PRJNA1117193,SAMN41561347,AMPLICON,METAGENOMIC,PCR,single,PACBIO_SMRT,Revio,./data/ITS/ITS_2_10.fastq.gz,./data/ITS/filtN/ITS_2_10_filtN.fastq.gz,./data/ITS/cutadapt/ITS_2_10_cutadapt.fastq.gz,./data/ITS/filtered/ITS_2_10_filtered.fastq.gz
ITS_2_11,,P2.11,18.1,5.54,2.18,1.57,0.27,Not detc,388,2,2-3 years,1.6827,103.83753,NA,ITS,ITS_2_11.fastq.gz,1.6827 N 103.83753 E,soil metagenome,410658,SRR29200555,SRP510185,PRJNA1117193,SAMN41561348,AMPLICON,METAGENOMIC,PCR,single,PACBIO_SMRT,Revio,./data/ITS/ITS_2_11.fastq.gz,./data/ITS/filtN/ITS_2_11_filtN.fastq.gz,./data/ITS/cutadapt/ITS_2_11_cutadapt.fastq.gz,./data/ITS/filtered/ITS_2_11_filtered.fastq.gz
ITS_2_12,,P2.12,24.6,5.62,1.88,1.48,0.22,Not detc,256,2,2-3 years,1.68271,103.83771,NA,ITS,ITS_2_12.fastq.gz,1.68271 N 103.83771 E,soil metagenome,410658,SRR29200554,SRP510185,PRJNA1117193,SAMN41561349,AMPLICON,METAGENOMIC,PCR,single,PACBIO_SMRT,Revio,./data/ITS/ITS_2_12.fastq.gz,./data/ITS/filtN/ITS_2_12_filtN.fastq.gz,./data/ITS/cutadapt/ITS_2_12_cutadapt.fastq.gz,./data/ITS/filtered/ITS_2_12_filtered.fastq.gz
ITS_2_13,,P2.13,22.2,5.66,1.99,1.11,0.29,Not detc,613,2,2-3 years,1.6827,103.83778,NA,ITS,ITS_2_13.fastq.gz,1.6827 N 103.83778 E,soil metagenome,410658,SRR29200553,SRP510185,PRJNA1117193,SAMN41561350,AMPLICON,METAGENOMIC,PCR,single,PACBIO_SMRT,Revio,./data/ITS/ITS_2_13.fastq.gz,./data/ITS/filtN/ITS_2_13_filtN.fastq.gz,./data/ITS/cutadapt/ITS_2_13_cutadapt.fastq.gz,./data/ITS/filtered/ITS_2_13_filtered.fastq.gz
ITS_2_14,,P2.14,22.8,5.57,1.81,1.39,0.29,Not detc,776,2,2-3 years,1.68276,103.83778,NA,ITS,ITS_2_14.fastq.gz,1.68276 N 103.83778 E,soil metagenome,410658,SRR29200552,SRP510185,PRJNA1117193,SAMN41561351,AMPLICON,METAGENOMIC,PCR,single,PACBIO_SMRT,Revio,./data/ITS/ITS_2_14.fastq.gz,./data/ITS/filtN/ITS_2_14_filtN.fastq.gz,./data/ITS/cutadapt/ITS_2_14_cutadapt.fastq.gz,./data/ITS/filtered/ITS_2_14_filtered.fastq.gz
ITS_2_15,,P2.15,27,5.64,1.69,1.56,0.31,Not detc,462,2,2-3 years,1.68276,103.83761,NA,ITS,ITS_2_15.fastq.gz,1.68276 N 103.83761 E,soil metagenome,410658,SRR29200551,SRP510185,PRJNA1117193,SAMN41561352,AMPLICON,METAGENOMIC,PCR,single,PACBIO_SMRT,Revio,./data/ITS/ITS_2_15.fastq.gz,./data/ITS/filtN/ITS_2_15_filtN.fastq.gz,./data/ITS/cutadapt/ITS_2_15_cutadapt.fastq.gz,./data/ITS/filtered/ITS_2_15_filtered.fastq.gz
ITS_2_16,,P2.16,46.6,5.33,1.52,1.31,0.26,Not detc,315,2,2-3 years,1.6827,103.8375,NA,ITS,ITS_2_16.fastq.gz,1.6827 N 103.8375 E,soil metagenome,410658,SRR29200550,SRP510185,PRJNA1117193,SAMN41561353,AMPLICON,METAGENOMIC,PCR,single,PACBIO_SMRT,Revio,./data/ITS/ITS_2_16.fastq.gz,./data/ITS/filtN/ITS_2_16_filtN.fastq.gz,./data/ITS/cutadapt/ITS_2_16_cutadapt.fastq.gz,./data/ITS/filtered/ITS_2_16_filtered.fastq.gz
ITS_3_1,,P3.1,5.28,5.45,2.66,1.23,0.37,Not detc,592,3,3-4 years,1.68209,103.83705,NA,ITS,ITS_3_1.fastq.gz,1.68209 N 103.83705 E,soil metagenome,410658,SRR29200548,SRP510185,PRJNA1117193,SAMN41561354,AMPLICON,METAGENOMIC,PCR,single,PACBIO_SMRT,Revio,./data/ITS/ITS_3_1.fastq.gz,./data/ITS/filtN/ITS_3_1_filtN.fastq.gz,./data/ITS/cutadapt/ITS_3_1_cutadapt.fastq.gz,./data/ITS/filtered/ITS_3_1_filtered.fastq.gz
ITS_3_2,,P3.2,18.7,5.81,2.56,1.34,0.36,Not detc,460,3,3-4 years,1.6821,103.83692,NA,ITS,ITS_3_2.fastq.gz,1.6821 N 103.83692 E,soil metagenome,410658,SRR29200547,SRP510185,PRJNA1117193,SAMN41561355,AMPLICON,METAGENOMIC,PCR,single,PACBIO_SMRT,Revio,./data/ITS/ITS_3_2.fastq.gz,./data/ITS/filtN/ITS_3_2_filtN.fastq.gz,./data/ITS/cutadapt/ITS_3_2_cutadapt.fastq.gz,./data/ITS/filtered/ITS_3_2_filtered.fastq.gz
ITS_3_3,,P3.3,6.18,5.42,2.55,1.52,0.35,Not detc,498,3,3-4 years,1.68209,103.83678,NA,ITS,ITS_3_3.fastq.gz,1.68209 N 103.83678 E,soil metagenome,410658,SRR29200546,SRP510185,PRJNA1117193,SAMN41561356,AMPLICON,METAGENOMIC,PCR,single,PACBIO_SMRT,Revio,./data/ITS/ITS_3_3.fastq.gz,./data/ITS/filtN/ITS_3_3_filtN.fastq.gz,./data/ITS/cutadapt/ITS_3_3_cutadapt.fastq.gz,./data/ITS/filtered/ITS_3_3_filtered.fastq.gz
ITS_3_4,,P3.4,2.36,5.97,7.33,1.8,0.78,Not detc,521,3,3-4 years,1.68208,103.83664,NA,ITS,ITS_3_4.fastq.gz,1.68208 N 103.83664 E,soil metagenome,410658,SRR29200545,SRP510185,PRJNA1117193,SAMN41561357,AMPLICON,METAGENOMIC,PCR,single,PACBIO_SMRT,Revio,./data/ITS/ITS_3_4.fastq.gz,./data/ITS/filtN/ITS_3_4_filtN.fastq.gz,./data/ITS/cutadapt/ITS_3_4_cutadapt.fastq.gz,./data/ITS/filtered/ITS_3_4_filtered.fastq.gz
ITS_3_5,,P3.5,16.6,5.66,2.29,1.4,0.35,Not detc,512,3,3-4 years,1.6821,103.83651,NA,ITS,ITS_3_5.fastq.gz,1.6821 N 103.83651 E,soil metagenome,410658,SRR29200544,SRP510185,PRJNA1117193,SAMN41561358,AMPLICON,METAGENOMIC,PCR,single,PACBIO_SMRT,Revio,./data/ITS/ITS_3_5.fastq.gz,./data/ITS/filtN/ITS_3_5_filtN.fastq.gz,./data/ITS/cutadapt/ITS_3_5_cutadapt.fastq.gz,./data/ITS/filtered/ITS_3_5_filtered.fastq.gz
ITS_3_6,,P3.6,8.46,5.74,2.49,1.19,0.23,Not detc,359,3,3-4 years,1.68215,103.83654,NA,ITS,ITS_3_6.fastq.gz,1.68215 N 103.83654 E,soil metagenome,410658,SRR29200543,SRP510185,PRJNA1117193,SAMN41561359,AMPLICON,METAGENOMIC,PCR,single,PACBIO_SMRT,Revio,./data/ITS/ITS_3_6.fastq.gz,./data/ITS/filtN/ITS_3_6_filtN.fastq.gz,./data/ITS/cutadapt/ITS_3_6_cutadapt.fastq.gz,./data/ITS/filtered/ITS_3_6_filtered.fastq.gz
ITS_3_7,,P3.7,4.76,5.8,2.66,1.39,0.33,Not detc,567,3,3-4 years,1.68215,103.83663,NA,ITS,ITS_3_7.fastq.gz,1.68215 N 103.83663 E,soil metagenome,410658,SRR29200542,SRP510185,PRJNA1117193,SAMN41561360,AMPLICON,METAGENOMIC,PCR,single,PACBIO_SMRT,Revio,./data/ITS/ITS_3_7.fastq.gz,./data/ITS/filtN/ITS_3_7_filtN.fastq.gz,./data/ITS/cutadapt/ITS_3_7_cutadapt.fastq.gz,./data/ITS/filtered/ITS_3_7_filtered.fastq.gz
ITS_3_8,,P3.8,19.6,5.49,2.63,1.58,0.35,Not detc,629,3,3-4 years,1.68216,103.83673,NA,ITS,ITS_3_8.fastq.gz,1.68216 N 103.83673 E,soil metagenome,410658,SRR29200541,SRP510185,PRJNA1117193,SAMN41561361,AMPLICON,METAGENOMIC,PCR,single,PACBIO_SMRT,Revio,./data/ITS/ITS_3_8.fastq.gz,./data/ITS/filtN/ITS_3_8_filtN.fastq.gz,./data/ITS/cutadapt/ITS_3_8_cutadapt.fastq.gz,./data/ITS/filtered/ITS_3_8_filtered.fastq.gz
ITS_3_9,,P3.9,44.4,5.59,1.86,1.5,0.27,Not detc,726,3,3-4 years,1.68217,103.83683,NA,ITS,ITS_3_9.fastq.gz,1.68217 N 103.83683 E,soil metagenome,410658,SRR29200540,SRP510185,PRJNA1117193,SAMN41561362,AMPLICON,METAGENOMIC,PCR,single,PACBIO_SMRT,Revio,./data/ITS/ITS_3_9.fastq.gz,./data/ITS/filtN/ITS_3_9_filtN.fastq.gz,./data/ITS/cutadapt/ITS_3_9_cutadapt.fastq.gz,./data/ITS/filtered/ITS_3_9_filtered.fastq.gz
ITS_3_10,,P3.10,21,5.6,1.55,1.01,0.28,Not detc,155,3,3-4 years,1.68219,103.83688,NA,ITS,ITS_3_10.fastq.gz,1.68219 N 103.83688 E,soil metagenome,410658,SRR29200539,SRP510185,PRJNA1117193,SAMN41561363,AMPLICON,METAGENOMIC,PCR,single,PACBIO_SMRT,Revio,./data/ITS/ITS_3_10.fastq.gz,./data/ITS/filtN/ITS_3_10_filtN.fastq.gz,./data/ITS/cutadapt/ITS_3_10_cutadapt.fastq.gz,./data/ITS/filtered/ITS_3_10_filtered.fastq.gz
ITS_3_11,,P3.11,72,5.55,1.86,1.29,0.23,Not detc,521,3,3-4 years,1.68219,103.83699,NA,ITS,ITS_3_11.fastq.gz,1.68219 N 103.83699 E,soil metagenome,410658,SRR29200504,SRP510185,PRJNA1117193,SAMN41561364,AMPLICON,METAGENOMIC,PCR,single,PACBIO_SMRT,Revio,./data/ITS/ITS_3_11.fastq.gz,./data/ITS/filtN/ITS_3_11_filtN.fastq.gz,./data/ITS/cutadapt/ITS_3_11_cutadapt.fastq.gz,./data/ITS/filtered/ITS_3_11_filtered.fastq.gz
ITS_3_12,,P3.12,31.4,5.82,1.66,1.36,0.32,Not detc,541,3,3-4 years,1.68215,103.83707,NA,ITS,ITS_3_12.fastq.gz,1.68215 N 103.83707 E,soil metagenome,410658,SRR29200503,SRP510185,PRJNA1117193,SAMN41561365,AMPLICON,METAGENOMIC,PCR,single,PACBIO_SMRT,Revio,./data/ITS/ITS_3_12.fastq.gz,./data/ITS/filtN/ITS_3_12_filtN.fastq.gz,./data/ITS/cutadapt/ITS_3_12_cutadapt.fastq.gz,./data/ITS/filtered/ITS_3_12_filtered.fastq.gz
ITS_3_13,,P3.13,25.6,5.94,1.9,1.36,0.23,Not detc,387,3,3-4 years,1.68222,103.83706,NA,ITS,ITS_3_13.fastq.gz,1.68222 N 103.83706 E,soil metagenome,410658,SRR29200502,SRP510185,PRJNA1117193,SAMN41561366,AMPLICON,METAGENOMIC,PCR,single,PACBIO_SMRT,Revio,./data/ITS/ITS_3_13.fastq.gz,./data/ITS/filtN/ITS_3_13_filtN.fastq.gz,./data/ITS/cutadapt/ITS_3_13_cutadapt.fastq.gz,./data/ITS/filtered/ITS_3_13_filtered.fastq.gz
ITS_3_14,,P3.14,28.8,5.53,2.35,1.56,0.35,Not detc,744,3,3-4 years,1.68223,103.83693,NA,ITS,ITS_3_14.fastq.gz,1.68223 N 103.83693 E,soil metagenome,410658,SRR29200501,SRP510185,PRJNA1117193,SAMN41561367,AMPLICON,METAGENOMIC,PCR,single,PACBIO_SMRT,Revio,./data/ITS/ITS_3_14.fastq.gz,./data/ITS/filtN/ITS_3_14_filtN.fastq.gz,./data/ITS/cutadapt/ITS_3_14_cutadapt.fastq.gz,./data/ITS/filtered/ITS_3_14_filtered.fastq.gz
ITS_3_15,,P3.15,19.7,5.81,1.88,1.45,0.33,Not detc,481,3,3-4 years,1.68222,103.83685,NA,ITS,ITS_3_15.fastq.gz,1.68222 N 103.83685 E,soil metagenome,410658,SRR29200500,SRP510185,PRJNA1117193,SAMN41561368,AMPLICON,METAGENOMIC,PCR,single,PACBIO_SMRT,Revio,./data/ITS/ITS_3_15.fastq.gz,./data/ITS/filtN/ITS_3_15_filtN.fastq.gz,./data/ITS/cutadapt/ITS_3_15_cutadapt.fastq.gz,./data/ITS/filtered/ITS_3_15_filtered.fastq.gz
ITS_3_16,,P3.16,33.2,5.76,1.94,0.83,0.39,Not detc,501,3,3-4 years,1.68223,103.83676,NA,ITS,ITS_3_16.fastq.gz,1.68223 N 103.83676 E,soil metagenome,410658,SRR29200499,SRP510185,PRJNA1117193,SAMN41561369,AMPLICON,METAGENOMIC,PCR,single,PACBIO_SMRT,Revio,./data/ITS/ITS_3_16.fastq.gz,./data/ITS/filtN/ITS_3_16_filtN.fastq.gz,./data/ITS/cutadapt/ITS_3_16_cutadapt.fastq.gz,./data/ITS/filtered/ITS_3_16_filtered.fastq.gz
ITS_4_1,,P4.1,7.74,5.13,1.37,1.25,0.24,Not detc,316,4,0-1 years,1.68166,103.83443,NA,ITS,ITS_4_1.fastq.gz,1.68166 N 103.83443 E,soil metagenome,410658,SRR29200498,SRP510185,PRJNA1117193,SAMN41561370,AMPLICON,METAGENOMIC,PCR,single,PACBIO_SMRT,Revio,./data/ITS/ITS_4_1.fastq.gz,./data/ITS/filtN/ITS_4_1_filtN.fastq.gz,./data/ITS/cutadapt/ITS_4_1_cutadapt.fastq.gz,./data/ITS/filtered/ITS_4_1_filtered.fastq.gz
ITS_4_2,,P4.2,11.6,5.14,1.63,1.48,0.25,Not detc,319,4,0-1 years,1.68169,103.83447,NA,ITS,ITS_4_2.fastq.gz,1.68169 N 103.83447 E,soil metagenome,410658,SRR29200497,SRP510185,PRJNA1117193,SAMN41561371,AMPLICON,METAGENOMIC,PCR,single,PACBIO_SMRT,Revio,./data/ITS/ITS_4_2.fastq.gz,./data/ITS/filtN/ITS_4_2_filtN.fastq.gz,./data/ITS/cutadapt/ITS_4_2_cutadapt.fastq.gz,./data/ITS/filtered/ITS_4_2_filtered.fastq.gz
ITS_4_3,,P4.3,8.66,5.19,2.01,1.57,0.3,Not detc,358,4,0-1 years,1.68176,103.8345,NA,ITS,ITS_4_3.fastq.gz,1.68176 N 103.8345 E,soil metagenome,410658,SRR29200496,SRP510185,PRJNA1117193,SAMN41561372,AMPLICON,METAGENOMIC,PCR,single,PACBIO_SMRT,Revio,./data/ITS/ITS_4_3.fastq.gz,./data/ITS/filtN/ITS_4_3_filtN.fastq.gz,./data/ITS/cutadapt/ITS_4_3_cutadapt.fastq.gz,./data/ITS/filtered/ITS_4_3_filtered.fastq.gz
ITS_4_4,,P4.4,19,4.83,1.97,1.66,0.28,Not detc,342,4,0-1 years,1.68184,103.83448,NA,ITS,ITS_4_4.fastq.gz,1.68184 N 103.83448 E,soil metagenome,410658,SRR29200495,SRP510185,PRJNA1117193,SAMN41561373,AMPLICON,METAGENOMIC,PCR,single,PACBIO_SMRT,Revio,./data/ITS/ITS_4_4.fastq.gz,./data/ITS/filtN/ITS_4_4_filtN.fastq.gz,./data/ITS/cutadapt/ITS_4_4_cutadapt.fastq.gz,./data/ITS/filtered/ITS_4_4_filtered.fastq.gz
ITS_4_5,,P4.5,9.86,4.98,1.35,1.5,0.22,Not detc,192,4,0-1 years,1.68179,103.83445,NA,ITS,ITS_4_5.fastq.gz,1.68179 N 103.83445 E,soil metagenome,410658,SRR29200493,SRP510185,PRJNA1117193,SAMN41561374,AMPLICON,METAGENOMIC,PCR,single,PACBIO_SMRT,Revio,./data/ITS/ITS_4_5.fastq.gz,./data/ITS/filtN/ITS_4_5_filtN.fastq.gz,./data/ITS/cutadapt/ITS_4_5_cutadapt.fastq.gz,./data/ITS/filtered/ITS_4_5_filtered.fastq.gz
ITS_4_6,,P4.6,16.5,4.89,2.41,1.5,0.33,Not detc,377,4,0-1 years,1.68181,103.83438,NA,ITS,ITS_4_6.fastq.gz,1.68181 N 103.83438 E,soil metagenome,410658,SRR29200492,SRP510185,PRJNA1117193,SAMN41561375,AMPLICON,METAGENOMIC,PCR,single,PACBIO_SMRT,Revio,./data/ITS/ITS_4_6.fastq.gz,./data/ITS/filtN/ITS_4_6_filtN.fastq.gz,./data/ITS/cutadapt/ITS_4_6_cutadapt.fastq.gz,./data/ITS/filtered/ITS_4_6_filtered.fastq.gz
ITS_4_7,,P4.7,6.8,5.11,1.82,1.46,0.26,Not detc,267,4,0-1 years,1.68183,103.83431,NA,ITS,ITS_4_7.fastq.gz,1.68183 N 103.83431 E,soil metagenome,410658,SRR29200491,SRP510185,PRJNA1117193,SAMN41561376,AMPLICON,METAGENOMIC,PCR,single,PACBIO_SMRT,Revio,./data/ITS/ITS_4_7.fastq.gz,./data/ITS/filtN/ITS_4_7_filtN.fastq.gz,./data/ITS/cutadapt/ITS_4_7_cutadapt.fastq.gz,./data/ITS/filtered/ITS_4_7_filtered.fastq.gz
ITS_4_8,,P4.8,2.48,5.03,2.09,1.4,0.34,Not detc,339,4,0-1 years,1.68192,103.83436,NA,ITS,ITS_4_8.fastq.gz,1.68192 N 103.83436 E,soil metagenome,410658,SRR29200490,SRP510185,PRJNA1117193,SAMN41561377,AMPLICON,METAGENOMIC,PCR,single,PACBIO_SMRT,Revio,./data/ITS/ITS_4_8.fastq.gz,./data/ITS/filtN/ITS_4_8_filtN.fastq.gz,./data/ITS/cutadapt/ITS_4_8_cutadapt.fastq.gz,./data/ITS/filtered/ITS_4_8_filtered.fastq.gz
ITS_4_9,,P4.9,14.7,5.19,1.67,1.69,0.36,Not detc,386,4,0-1 years,1.68175,103.83438,NA,ITS,ITS_4_9.fastq.gz,1.68175 N 103.83438 E,soil metagenome,410658,SRR29200489,SRP510185,PRJNA1117193,SAMN41561378,AMPLICON,METAGENOMIC,PCR,single,PACBIO_SMRT,Revio,./data/ITS/ITS_4_9.fastq.gz,./data/ITS/filtN/ITS_4_9_filtN.fastq.gz,./data/ITS/cutadapt/ITS_4_9_cutadapt.fastq.gz,./data/ITS/filtered/ITS_4_9_filtered.fastq.gz
ITS_4_10,,P4.10,14.3,4.99,1.28,1.36,0.24,Not detc,294,4,0-1 years,1.68207,103.83434,NA,ITS,ITS_4_10.fastq.gz,1.68207 N 103.83434 E,soil metagenome,410658,SRR29200488,SRP510185,PRJNA1117193,SAMN41561379,AMPLICON,METAGENOMIC,PCR,single,PACBIO_SMRT,Revio,./data/ITS/ITS_4_10.fastq.gz,./data/ITS/filtN/ITS_4_10_filtN.fastq.gz,./data/ITS/cutadapt/ITS_4_10_cutadapt.fastq.gz,./data/ITS/filtered/ITS_4_10_filtered.fastq.gz
ITS_4_11,,P4.11,5.56,5.23,1.58,1.34,0.29,Not detc,256,4,0-1 years,1.68209,103.83428,NA,ITS,ITS_4_11.fastq.gz,1.68209 N 103.83428 E,soil metagenome,410658,SRR29200487,SRP510185,PRJNA1117193,SAMN41561380,AMPLICON,METAGENOMIC,PCR,single,PACBIO_SMRT,Revio,./data/ITS/ITS_4_11.fastq.gz,./data/ITS/filtN/ITS_4_11_filtN.fastq.gz,./data/ITS/cutadapt/ITS_4_11_cutadapt.fastq.gz,./data/ITS/filtered/ITS_4_11_filtered.fastq.gz
ITS_4_12,,P4.12,20.4,5.04,1.94,1.29,0.25,Not detc,163,4,0-1 years,1.68203,103.83427,NA,ITS,ITS_4_12.fastq.gz,1.68203 N 103.83427 E,soil metagenome,410658,SRR29200486,SRP510185,PRJNA1117193,SAMN41561381,AMPLICON,METAGENOMIC,PCR,single,PACBIO_SMRT,Revio,./data/ITS/ITS_4_12.fastq.gz,./data/ITS/filtN/ITS_4_12_filtN.fastq.gz,./data/ITS/cutadapt/ITS_4_12_cutadapt.fastq.gz,./data/ITS/filtered/ITS_4_12_filtered.fastq.gz
ITS_4_13,,P4.13,4.5,5.05,1.94,1.5,0.37,Not detc,323,4,0-1 years,1.68197,103.83429,NA,ITS,ITS_4_13.fastq.gz,1.68197 N 103.83429 E,soil metagenome,410658,SRR29200485,SRP510185,PRJNA1117193,SAMN41561382,AMPLICON,METAGENOMIC,PCR,single,PACBIO_SMRT,Revio,./data/ITS/ITS_4_13.fastq.gz,./data/ITS/filtN/ITS_4_13_filtN.fastq.gz,./data/ITS/cutadapt/ITS_4_13_cutadapt.fastq.gz,./data/ITS/filtered/ITS_4_13_filtered.fastq.gz
ITS_4_14,,P4.14,12.9,5.17,1.91,1.37,0.26,Not detc,331,4,0-1 years,1.68188,103.83426,NA,ITS,ITS_4_14.fastq.gz,1.68188 N 103.83426 E,soil metagenome,410658,SRR29200484,SRP510185,PRJNA1117193,SAMN41561383,AMPLICON,METAGENOMIC,PCR,single,PACBIO_SMRT,Revio,./data/ITS/ITS_4_14.fastq.gz,./data/ITS/filtN/ITS_4_14_filtN.fastq.gz,./data/ITS/cutadapt/ITS_4_14_cutadapt.fastq.gz,./data/ITS/filtered/ITS_4_14_filtered.fastq.gz
ITS_4_15,,P4.15,18.5,4.99,1.6,1.45,0.23,Not detc,288,4,0-1 years,1.68191,103.83424,NA,ITS,ITS_4_15.fastq.gz,1.68191 N 103.83424 E,soil metagenome,410658,SRR29200482,SRP510185,PRJNA1117193,SAMN41561384,AMPLICON,METAGENOMIC,PCR,single,PACBIO_SMRT,Revio,./data/ITS/ITS_4_15.fastq.gz,./data/ITS/filtN/ITS_4_15_filtN.fastq.gz,./data/ITS/cutadapt/ITS_4_15_cutadapt.fastq.gz,./data/ITS/filtered/ITS_4_15_filtered.fastq.gz
ITS_4_16,,P4.16,45.4,5.11,1.3,1.32,0.23,Not detc,238,4,0-1 years,1.68202,103.83419,NA,ITS,ITS_4_16.fastq.gz,1.68202 N 103.83419 E,soil metagenome,410658,SRR29200481,SRP510185,PRJNA1117193,SAMN41561385,AMPLICON,METAGENOMIC,PCR,single,PACBIO_SMRT,Revio,./data/ITS/ITS_4_16.fastq.gz,./data/ITS/filtN/ITS_4_16_filtN.fastq.gz,./data/ITS/cutadapt/ITS_4_16_cutadapt.fastq.gz,./data/ITS/filtered/ITS_4_16_filtered.fastq.gz
ITS_5_1,,P5.1,11.5,4.78,1.36,1.28,0.28,Not detc,326,5,oil palm,1.68334,103.83957,NA,ITS,ITS_5_1.fastq.gz,1.68334 N 103.83957 E,soil metagenome,410658,SRR29200480,SRP510185,PRJNA1117193,SAMN41561386,AMPLICON,METAGENOMIC,PCR,single,PACBIO_SMRT,Revio,./data/ITS/ITS_5_1.fastq.gz,./data/ITS/filtN/ITS_5_1_filtN.fastq.gz,./data/ITS/cutadapt/ITS_5_1_cutadapt.fastq.gz,./data/ITS/filtered/ITS_5_1_filtered.fastq.gz
ITS_5_2,,P5.2,13.7,4.76,1.63,1.18,0.27,Not detc,347,5,oil palm,1.68326,103.83955,NA,ITS,ITS_5_2.fastq.gz,1.68326 N 103.83955 E,soil metagenome,410658,SRR29200479,SRP510185,PRJNA1117193,SAMN41561387,AMPLICON,METAGENOMIC,PCR,single,PACBIO_SMRT,Revio,./data/ITS/ITS_5_2.fastq.gz,./data/ITS/filtN/ITS_5_2_filtN.fastq.gz,./data/ITS/cutadapt/ITS_5_2_cutadapt.fastq.gz,./data/ITS/filtered/ITS_5_2_filtered.fastq.gz
ITS_5_3,,P5.3,9.46,5.02,1.09,0.97,0.21,Not detc,344,5,oil palm,1.68319,103.83962,NA,ITS,ITS_5_3.fastq.gz,1.68319 N 103.83962 E,soil metagenome,410658,SRR29200478,SRP510185,PRJNA1117193,SAMN41561388,AMPLICON,METAGENOMIC,PCR,single,PACBIO_SMRT,Revio,./data/ITS/ITS_5_3.fastq.gz,./data/ITS/filtN/ITS_5_3_filtN.fastq.gz,./data/ITS/cutadapt/ITS_5_3_cutadapt.fastq.gz,./data/ITS/filtered/ITS_5_3_filtered.fastq.gz
ITS_5_4,,P5.4,7,5.02,1.27,1.01,0.28,Not detc,355,5,oil palm,1.68326,103.83966,NA,ITS,ITS_5_4.fastq.gz,1.68326 N 103.83966 E,soil metagenome,410658,SRR29200477,SRP510185,PRJNA1117193,SAMN41561389,AMPLICON,METAGENOMIC,PCR,single,PACBIO_SMRT,Revio,./data/ITS/ITS_5_4.fastq.gz,./data/ITS/filtN/ITS_5_4_filtN.fastq.gz,./data/ITS/cutadapt/ITS_5_4_cutadapt.fastq.gz,./data/ITS/filtered/ITS_5_4_filtered.fastq.gz
ITS_5_5,,P5.5,4.82,5.02,1.07,1.03,0.22,Not detc,258,5,oil palm,1.68334,103.83974,NA,ITS,ITS_5_5.fastq.gz,1.68334 N 103.83974 E,soil metagenome,410658,SRR29200476,SRP510185,PRJNA1117193,SAMN41561390,AMPLICON,METAGENOMIC,PCR,single,PACBIO_SMRT,Revio,./data/ITS/ITS_5_5.fastq.gz,./data/ITS/filtN/ITS_5_5_filtN.fastq.gz,./data/ITS/cutadapt/ITS_5_5_cutadapt.fastq.gz,./data/ITS/filtered/ITS_5_5_filtered.fastq.gz
ITS_5_6,,P5.6,3.14,5.03,1.42,1.47,0.22,Not detc,331,5,oil palm,1.68324,103.83976,NA,ITS,ITS_5_6.fastq.gz,1.68324 N 103.83976 E,soil metagenome,410658,SRR29200475,SRP510185,PRJNA1117193,SAMN41561391,AMPLICON,METAGENOMIC,PCR,single,PACBIO_SMRT,Revio,./data/ITS/ITS_5_6.fastq.gz,./data/ITS/filtN/ITS_5_6_filtN.fastq.gz,./data/ITS/cutadapt/ITS_5_6_cutadapt.fastq.gz,./data/ITS/filtered/ITS_5_6_filtered.fastq.gz
ITS_5_7,,P5.7,10.8,4.99,1.04,1.29,0.3,Not detc,642,5,oil palm,1.68321,103.83976,NA,ITS,ITS_5_7.fastq.gz,1.68321 N 103.83976 E,soil metagenome,410658,SRR29200474,SRP510185,PRJNA1117193,SAMN41561392,AMPLICON,METAGENOMIC,PCR,single,PACBIO_SMRT,Revio,./data/ITS/ITS_5_7.fastq.gz,./data/ITS/filtN/ITS_5_7_filtN.fastq.gz,./data/ITS/cutadapt/ITS_5_7_cutadapt.fastq.gz,./data/ITS/filtered/ITS_5_7_filtered.fastq.gz
ITS_5_8,,P5.8,10.2,4.88,1.42,1.69,0.24,Not detc,332,5,oil palm,1.6832,103.83983,NA,ITS,ITS_5_8.fastq.gz,1.6832 N 103.83983 E,soil metagenome,410658,SRR29200473,SRP510185,PRJNA1117193,SAMN41561393,AMPLICON,METAGENOMIC,PCR,single,PACBIO_SMRT,Revio,./data/ITS/ITS_5_8.fastq.gz,./data/ITS/filtN/ITS_5_8_filtN.fastq.gz,./data/ITS/cutadapt/ITS_5_8_cutadapt.fastq.gz,./data/ITS/filtered/ITS_5_8_filtered.fastq.gz
ITS_5_9,,P5.9,7.5,5.07,1.46,1.27,0.25,Not detc,554,5,oil palm,1.68329,103.83982,NA,ITS,ITS_5_9.fastq.gz,1.68329 N 103.83982 E,soil metagenome,410658,SRR29200471,SRP510185,PRJNA1117193,SAMN41561394,AMPLICON,METAGENOMIC,PCR,single,PACBIO_SMRT,Revio,./data/ITS/ITS_5_9.fastq.gz,./data/ITS/filtN/ITS_5_9_filtN.fastq.gz,./data/ITS/cutadapt/ITS_5_9_cutadapt.fastq.gz,./data/ITS/filtered/ITS_5_9_filtered.fastq.gz
ITS_5_10,,P5.10,7.24,5.03,1.12,1.14,0.23,Not detc,372,5,oil palm,1.68337,103.83987,NA,ITS,ITS_5_10.fastq.gz,1.68337 N 103.83987 E,soil metagenome,410658,SRR29200470,SRP510185,PRJNA1117193,SAMN41561395,AMPLICON,METAGENOMIC,PCR,single,PACBIO_SMRT,Revio,./data/ITS/ITS_5_10.fastq.gz,./data/ITS/filtN/ITS_5_10_filtN.fastq.gz,./data/ITS/cutadapt/ITS_5_10_cutadapt.fastq.gz,./data/ITS/filtered/ITS_5_10_filtered.fastq.gz
ITS_5_11,,P5.11,8.32,4.73,1.8,1.45,0.26,Not detc,269,5,oil palm,1.68335,103.83999,NA,ITS,ITS_5_11.fastq.gz,1.68335 N 103.83999 E,soil metagenome,410658,SRR29200469,SRP510185,PRJNA1117193,SAMN41561396,AMPLICON,METAGENOMIC,PCR,single,PACBIO_SMRT,Revio,./data/ITS/ITS_5_11.fastq.gz,./data/ITS/filtN/ITS_5_11_filtN.fastq.gz,./data/ITS/cutadapt/ITS_5_11_cutadapt.fastq.gz,./data/ITS/filtered/ITS_5_11_filtered.fastq.gz
ITS_5_12,,P5.12,7.56,5.09,1.09,1.23,0.25,Not detc,367,5,oil palm,1.68327,103.83994,NA,ITS,ITS_5_12.fastq.gz,1.68327 N 103.83994 E,soil metagenome,410658,SRR29200468,SRP510185,PRJNA1117193,SAMN41561397,AMPLICON,METAGENOMIC,PCR,single,PACBIO_SMRT,Revio,./data/ITS/ITS_5_12.fastq.gz,./data/ITS/filtN/ITS_5_12_filtN.fastq.gz,./data/ITS/cutadapt/ITS_5_12_cutadapt.fastq.gz,./data/ITS/filtered/ITS_5_12_filtered.fastq.gz
ITS_5_13,,P5.13,11.5,5.01,1.35,1.19,0.26,Not detc,549,5,oil palm,1.68321,103.83989,NA,ITS,ITS_5_13.fastq.gz,1.68321 N 103.83989 E,soil metagenome,410658,SRR29200467,SRP510185,PRJNA1117193,SAMN41561398,AMPLICON,METAGENOMIC,PCR,single,PACBIO_SMRT,Revio,./data/ITS/ITS_5_13.fastq.gz,./data/ITS/filtN/ITS_5_13_filtN.fastq.gz,./data/ITS/cutadapt/ITS_5_13_cutadapt.fastq.gz,./data/ITS/filtered/ITS_5_13_filtered.fastq.gz
ITS_5_14,,P5.14,12.2,4.98,1.17,1.46,0.24,Not detc,310,5,oil palm,1.68321,103.83995,NA,ITS,ITS_5_14.fastq.gz,1.68321 N 103.83995 E,soil metagenome,410658,SRR29200466,SRP510185,PRJNA1117193,SAMN41561399,AMPLICON,METAGENOMIC,PCR,single,PACBIO_SMRT,Revio,./data/ITS/ITS_5_14.fastq.gz,./data/ITS/filtN/ITS_5_14_filtN.fastq.gz,./data/ITS/cutadapt/ITS_5_14_cutadapt.fastq.gz,./data/ITS/filtered/ITS_5_14_filtered.fastq.gz
ITS_5_15,,P5.15,34.2,4.77,1.29,0.9,0.24,Not detc,356,5,oil palm,1.6832,103.84006,NA,ITS,ITS_5_15.fastq.gz,1.6832 N 103.84006 E,soil metagenome,410658,SRR29200465,SRP510185,PRJNA1117193,SAMN41561400,AMPLICON,METAGENOMIC,PCR,single,PACBIO_SMRT,Revio,./data/ITS/ITS_5_15.fastq.gz,./data/ITS/filtN/ITS_5_15_filtN.fastq.gz,./data/ITS/cutadapt/ITS_5_15_cutadapt.fastq.gz,./data/ITS/filtered/ITS_5_15_filtered.fastq.gz
ITS_5_16,,P5.16,30.6,4.92,1.18,1.12,0.23,Not detc,385,5,oil palm,1.68325,103.84004,NA,ITS,ITS_5_16.fastq.gz,1.68325 N 103.84004 E,soil metagenome,410658,SRR29200464,SRP510185,PRJNA1117193,SAMN41561401,AMPLICON,METAGENOMIC,PCR,single,PACBIO_SMRT,Revio,./data/ITS/ITS_5_16.fastq.gz,./data/ITS/filtN/ITS_5_16_filtN.fastq.gz,./data/ITS/cutadapt/ITS_5_16_cutadapt.fastq.gz,./data/ITS/filtered/ITS_5_16_filtered.fastq.gz
ITS_Blank_1,Neg,Blank.1,NA,NA,NA,NA,NA,NA,NA,NA,NA,NA,NA,NA,ITS,ITS_Blank_1.fastq.gz,NA,soil metagenome,410658,SRR29200463,SRP510185,PRJNA1117193,SAMN41561402,AMPLICON,METAGENOMIC,PCR,single,PACBIO_SMRT,Revio,./data/ITS/ITS_Blank_1.fastq.gz,./data/ITS/filtN/ITS_Blank_1_filtN.fastq.gz,./data/ITS/cutadapt/ITS_Blank_1_cutadapt.fastq.gz,./data/ITS/filtered/ITS_Blank_1_filtered.fastq.gz
ITS_Blank_2,Neg,Blank.2,NA,NA,NA,NA,NA,NA,NA,NA,NA,NA,NA,NA,ITS,ITS_Blank_2.fastq.gz,NA,soil metagenome,410658,SRR29200462,SRP510185,PRJNA1117193,SAMN41561403,AMPLICON,METAGENOMIC,PCR,single,PACBIO_SMRT,Revio,./data/ITS/ITS_Blank_2.fastq.gz,./data/ITS/filtN/ITS_Blank_2_filtN.fastq.gz,./data/ITS/cutadapt/ITS_Blank_2_cutadapt.fastq.gz,./data/ITS/filtered/ITS_Blank_2_filtered.fastq.gz
ITS_Blank_3,Neg,Blank.3,NA,NA,NA,NA,NA,NA,NA,NA,NA,NA,NA,NA,ITS,ITS_Blank_3.fastq.gz,NA,soil metagenome,410658,SRR29200460,SRP510185,PRJNA1117193,SAMN41561404,AMPLICON,METAGENOMIC,PCR,single,PACBIO_SMRT,Revio,./data/ITS/ITS_Blank_3.fastq.gz,./data/ITS/filtN/ITS_Blank_3_filtN.fastq.gz,./data/ITS/cutadapt/ITS_Blank_3_cutadapt.fastq.gz,./data/ITS/filtered/ITS_Blank_3_filtered.fastq.gz
ITS_Blank_4,Neg,Blank.4,NA,NA,NA,NA,NA,NA,NA,NA,NA,NA,NA,NA,ITS,ITS_Blank_4.fastq.gz,NA,soil metagenome,410658,SRR29200459,SRP510185,PRJNA1117193,SAMN41561405,AMPLICON,METAGENOMIC,PCR,single,PACBIO_SMRT,Revio,./data/ITS/ITS_Blank_4.fastq.gz,./data/ITS/filtN/ITS_Blank_4_filtN.fastq.gz,./data/ITS/cutadapt/ITS_Blank_4_cutadapt.fastq.gz,./data/ITS/filtered/ITS_Blank_4_filtered.fastq.gz
ITS_Zy-Mock_1,Pos,Zy-Mock.1,NA,NA,NA,NA,NA,NA,NA,NA,NA,NA,NA,NA,ITS,ITS_Zy-Mock_1.fastq.gz,NA,soil metagenome,410658,SRR29200458,SRP510185,PRJNA1117193,SAMN41561406,AMPLICON,METAGENOMIC,PCR,single,PACBIO_SMRT,Revio,./data/ITS/ITS_Zy-Mock_1.fastq.gz,./data/ITS/filtN/ITS_Zy-Mock_1_filtN.fastq.gz,./data/ITS/cutadapt/ITS_Zy-Mock_1_cutadapt.fastq.gz,./data/ITS/filtered/ITS_Zy-Mock_1_filtered.fastq.gz
ITS_Zy-Mock_2,Pos,Zy-Mock.2,NA,NA,NA,NA,NA,NA,NA,NA,NA,NA,NA,NA,ITS,ITS_Zy-Mock_2.fastq.gz,NA,soil metagenome,410658,SRR29200457,SRP510185,PRJNA1117193,SAMN41561407,AMPLICON,METAGENOMIC,PCR,single,PACBIO_SMRT,Revio,./data/ITS/ITS_Zy-Mock_2.fastq.gz,./data/ITS/filtN/ITS_Zy-Mock_2_filtN.fastq.gz,./data/ITS/cutadapt/ITS_Zy-Mock_2_cutadapt.fastq.gz,./data/ITS/filtered/ITS_Zy-Mock_2_filtered.fastq.gz
ITS_Zy-Mock_3,Pos,Zy-Mock.3,NA,NA,NA,NA,NA,NA,NA,NA,NA,NA,NA,NA,ITS,ITS_Zy-Mock_3.fastq.gz,NA,soil metagenome,410658,SRR29200456,SRP510185,PRJNA1117193,SAMN41561408,AMPLICON,METAGENOMIC,PCR,single,PACBIO_SMRT,Revio,./data/ITS/ITS_Zy-Mock_3.fastq.gz,./data/ITS/filtN/ITS_Zy-Mock_3_filtN.fastq.gz,./data/ITS/cutadapt/ITS_Zy-Mock_3_cutadapt.fastq.gz,./data/ITS/filtered/ITS_Zy-Mock_3_filtered.fastq.gz
ITS_Zy-Mock_4,Pos,Zy-Mock.4,NA,NA,NA,NA,NA,NA,NA,NA,NA,NA,NA,NA,ITS,ITS_Zy-Mock_4.fastq.gz,NA,soil metagenome,410658,SRR29200455,SRP510185,PRJNA1117193,SAMN41561409,AMPLICON,METAGENOMIC,PCR,single,PACBIO_SMRT,Revio,./data/ITS/ITS_Zy-Mock_4.fastq.gz,./data/ITS/filtN/ITS_Zy-Mock_4_filtN.fastq.gz,./data/ITS/cutadapt/ITS_Zy-Mock_4_cutadapt.fastq.gz,./data/ITS/filtered/ITS_Zy-Mock_4_filtered.fastq.gz
